ProductId,Gender,Item-type,Itemcategory,ProductType,Colour,Pattern,Material,Brand,Usage,substyle,specific-style,ProductTitle,Image,ImageURL
39583,Women,Footwear,Sandal,Sandals,Red,Floral,Leather,Adidas,Casual,Everyday,Basic,Adidas Red Sandals,,http://assets.myntassets.com/v1/images/style/properties/f79912503e091e645cc5ad89e3746257_images.jpg
38506,Women,Apparel,Bottomwear,Shorts,Pink,Solid,Cotton,Nike,Casual,Everyday,Basic,Nike Pink Shorts,,http://assets.myntassets.com/v1/images/style/properties/0fe19b1763b81265b02894e87fcd9d2a_images.jpg
32812,Women,Footwear,Sandal,Sandals,Black,Floral,Unknown,Puma,Casual,Everyday,Basic,Puma Black Sandals,,http://assets.myntassets.com/v1/images/style/properties/450c993ee4d0bbca5ef5015978d678b7_images.jpg
35453,Men,Apparel,Topwear,Blazers,Off White,Solid,Cotton,Reebok,Casual,Everyday,Basic,Reebok Off White Top,,http://assets.myntassets.com/v1/images/style/properties/f3aae7f34c7429ec0cdefd09861d5756_images.jpg
3551,Men,Footwear,Shoes,Casual Shoes,Brown,Solid,Unknown,Converse,Casual,Everyday,Basic,Converse Brown Shoes,,http://assets.myntassets.com/v1/images/style/properties/cbfbb7dc1aee995012f8bc9cda960063_images.jpg
34023,Men,Apparel,Topwear,Blazers,Green,Solid,Cotton,Vans,Casual,Everyday,Basic,Vans Green Tshirt,,http://assets.myntassets.com/v1/images/style/properties/0e920cd506d955d767b0c3c9f19825e7_images.jpg
3301,Women,Footwear,Flip Flops,Flip Flops,Red,Solid,Unknown,Skechers,Casual,Everyday,Basic,Skechers Red Sneakers,,http://assets.myntassets.com/v1/images/style/properties/Asics-Women-Gel-Cushioning-White-Pink-Shoe_6d9b860f1d884359880b5180dc1e1544_images.jpg
22500,Women,Footwear,Shoes,Casual Shoes,Gray,Solid,Leather,Crocs,Casual,Everyday,Basic,Crocs Gray Shoes,,http://assets.myntassets.com/v1/images/style/properties/739dcbf6e32c6ee9236e444a01b49c8d_images.jpg
49600,Women,Footwear,Sandal,Sandals,Off White,Solid,Leather,Clarks,Casual,Everyday,Basic,Clarks Off White Sandals,,http://assets.myntassets.com/v1/images/style/properties/569ae45b0735189f09a9c4a81606cd4d_images.jpg
33088,Women,Footwear,Sandal,Sandals,Red,Unknown,Leather,Bata,Casual,Everyday,Basic,Bata Red Sandals,,http://assets.myntassets.com/v1/images/style/properties/ca819fc95ae22193255179d3af2981ba_images.jpg
38941,Men,Apparel,Bottomwear,Shorts,Blue,Solid,Denim,ASICS,Casual,Everyday,Basic,ASICS Blue Shorts,,http://assets.myntassets.com/v1/images/style/properties/1577780d6110a11119c9e043d5bdaada_images.jpg
13562,Women,Footwear,Sandal,Sandals,Purple,Solid,Leather,New Balance,Casual,Everyday,Basic,New Balance Purple Sandals,,http://assets.myntassets.com/v1/images/style/properties/58697c8cd4309fe63dc3a13e014b834e_images.jpg
34032,Men,Apparel,Topwear,Blazers,Red,Plaid,Cotton,Under Armour,Casual,Everyday,Basic,Under Armour Red Shirt,,http://assets.myntassets.com/v1/images/style/properties/75e759b1d9d9bf4cb69a87668433c8b1_images.jpg
2738,Men,Apparel,Topwear,Blazers,Red,Solid,Cotton,Woodland,Casual,Everyday,Basic,Woodland Red Tshirt,,http://assets.myntassets.com/v1/images/style/properties/98e2cbda9777f1f29169df99f43d52d4_images.jpg
3892,Women,Apparel,Topwear,Blazers,Pink,Polka Dot,Cotton,Sparx,Casual,Everyday,Basic,Sparx Pink Tshirt,,http://assets.myntassets.com/v1/images/style/properties/b3815b9becf3b7599396630e6d767602_images.jpg
36751,Women,Apparel,Topwear,Blazers,Off White,Striped,Cotton,Red Tape,Casual,Everyday,Basic,Red Tape Off White Tshirt,,http://assets.myntassets.com/v1/images/style/properties/d3065a1272f7f6f77a002f5a640601d4_images.jpg
36316,Men,Apparel,Topwear,Blazers,Off White,Unknown,Cotton,UCB,Casual,Everyday,Basic,UCB Off White Tshirt,,http://assets.myntassets.com/v1/images/style/properties/82ffc0d51a29047689e682c6e6d79a06_images.jpg
35892,Men,Apparel,Topwear,Blazers,Blue,Unknown,Cotton,Van Heusen,Casual,Everyday,Basic,Van Heusen Blue Tshirt,,http://assets.myntassets.com/v1/images/style/properties/d08dc8fd391c00f27388e2b3b2f0cce1_images.jpg
30728,Women,Apparel,Apparel Set,Clothing Set,Orange,Floral,Unknown,Wrangler,Casual,Everyday,Basic,Wrangler Orange Pants,,http://assets.myntassets.com/v1/images/style/properties/9a1ad2d93bc7dd5a810d10f9d9b5aaf6_images.jpg
15740,Women,Footwear,Flip Flops,Flip Flops,Red,Solid,Unknown,Levi's,Casual,Everyday,Basic,Levi's Red Sneakers,,http://assets.myntassets.com/v1/images/style/properties/1d8cf73c6bfc5a83421481a1196cc6a5_images.jpg
31144,Men,Apparel,Topwear,Blazers,Pink,Unknown,Cotton,Zara,Casual,Everyday,Basic,Zara Pink Tshirt,,http://assets.myntassets.com/v1/images/style/properties/deba391102cf15058addefecf16dc72e_images.jpg
39582,Women,Footwear,Sandal,Sandals,Pink,Solid,Leather,H&M,Casual,Everyday,Basic,H&M Pink Sandals,,http://assets.myntassets.com/v1/images/style/properties/72319583aaacca761bbca78e35fc9687_images.jpg
39980,Men,Footwear,Flip Flops,Flip Flops,Off White,Solid,Unknown,Forever 21,Casual,Everyday,Basic,Forever 21 Off White Sneakers,,http://assets.myntassets.com/v1/images/style/properties/a7a8fe472fe8efb3f3b92a1a21ba1b6f_images.jpg
54959,Men,Apparel,Apparel Set,Clothing Set,Unknown,Unknown,Unknown,Gap,Casual,Everyday,Basic,Gap Clothing,,http://assets.myntassets.com/v1/images/style/properties/Do-u-speak-green-Men-Blue-T-shirt_be628e3930d00b2609a2ac2ae7a55021_images.jpg
16734,Men,Footwear,Sandal,Sandals,Red,Striped,Unknown,Uniqlo,Casual,Everyday,Basic,Uniqlo Red Sandals,,http://assets.myntassets.com/v1/images/style/properties/7600f1237827bb23131b59a0c8b9a7bc_images.jpg
12847,Men,Apparel,Topwear,Blazers,Green,Unknown,Cotton,Tommy Hilfiger,Casual,Everyday,Basic,Tommy Hilfiger Green Tshirt,,http://assets.myntassets.com/v1/images/style/properties/09359395fafdff5f790e205af6465a8b_images.jpg
41861,Men,Footwear,Sandal,Sandals,Red,Solid,Leather,Calvin Klein,Casual,Everyday,Basic,Calvin Klein Red Sandals,,http://assets.myntassets.com/v1/images/style/properties/b996cb05ae7c16cabfa4cadc23818247_images.jpg
37534,Men,Apparel,Topwear,Blazers,Blue,Unknown,Cotton,Pepe Jeans,Casual,Everyday,Basic,Pepe Jeans Blue Top,,http://assets.myntassets.com/v1/images/style/properties/052b64ef79b2ec2fddd019165dcaa7db_images.jpg
21863,Women,Apparel,Topwear,Blazers,Yellow,Solid,Cotton,Peter England,Casual,Everyday,Basic,Peter England Yellow Tshirt,,http://assets.myntassets.com/v1/images/style/properties/fa10019b09df17da1f1abf127564d4a4_images.jpg
12957,Men,Footwear,Flip Flops,Flip Flops,Blue,Solid,Unknown,Mufti,Casual,Everyday,Basic,Mufti Blue Sneakers,,http://assets.myntassets.com/v1/images/style/properties/285f77d54aa639885c93fbb6e886824b_images.jpg
11949,Men,Footwear,Shoes,Casual Shoes,Black,Solid,Unknown,Provogue,Casual,Everyday,Basic,Provogue Black Shoes,,http://assets.myntassets.com/v1/images/style/properties/45da55174d251a833af58e1aa162052d_images.jpg
29236,Women,Footwear,Sandal,Sandals,Red,Solid,Unknown,Arrow,Casual,Everyday,Basic,Arrow Red Sandals,,http://assets.myntassets.com/v1/images/style/properties/a4a99deb5ed6405de23b63091696a012_images.jpg
3594,Men,Footwear,Flip Flops,Flip Flops,Off White,Unknown,Canvas,Allen Solly,Casual,Everyday,Basic,Allen Solly Off White Sneakers,,http://assets.myntassets.com/v1/images/style/properties/894464418a042a27101effb0c4e5e17b_images.jpg
26624,Women,Footwear,Flip Flops,Flip Flops,Purple,Solid,Unknown,Benetton,Casual,Everyday,Basic,Benetton Purple Sneakers,,http://assets.myntassets.com/v1/images/style/properties/6e3a89f22b6afb6c205096feb38bb722_images.jpg
22197,Men,Footwear,Flip Flops,Flip Flops,Brown,Solid,Leather,Jockey,Casual,Everyday,Basic,Jockey Brown Boots,,http://assets.myntassets.com/v1/images/style/properties/012a3c034f69c794277712a2904a629f_images.jpg
54544,Men,Footwear,Flip Flops,Flip Flops,Red,Solid,Leather,Kappa,Casual,Everyday,Basic,Kappa Red Sneakers,,http://assets.myntassets.com/v1/images/style/properties/F-Sports-Men-Black-Pace-Sports-Shoes_564a9fd92f55538cafab82567a7fbce3_images.jpg
8357,Men,Apparel,Topwear,Blazers,Red,Unknown,Cotton,Lacoste,Casual,Everyday,Basic,Lacoste Red Tshirt,,http://assets.myntassets.com/v1/images/style/properties/0679f587e85082b827247be7d7ba5a17_images.jpg
9400,Men,Footwear,Flip Flops,Flip Flops,Red,Solid,Unknown,Marks & Spencer,Casual,Everyday,Basic,Marks & Spencer Red Sneakers,,http://assets.myntassets.com/v1/images/style/properties/3ba767d12d769d771e11ce55a121f5ac_images.jpg
23840,Men,Footwear,Flip Flops,Flip Flops,Brown,Solid,Leather,Aeropostale,Casual,Everyday,Basic,Aeropostale Brown Sneakers,,http://assets.myntassets.com/v1/images/style/properties/b676624ef006e153f4ac61d5a70d31d8_images.jpg
56966,Women,Footwear,Sandal,Sandals,Red,Unknown,Leather,American Eagle,Casual,Everyday,Basic,American Eagle Red Sandals,,http://assets.myntassets.com/v1/images/style/properties/HM-Women-Black-Sandals_8b0fd5ae22b09a10df992be649faaabe_images.jpg
7753,Men,Footwear,Flip Flops,Flip Flops,Red,Solid,Unknown,Banana Republic,Casual,Everyday,Basic,Banana Republic Red Sneakers,,http://assets.myntassets.com/v1/images/style/properties/3090de677a92eb346719f0632e939062_images.jpg
23917,Women,Footwear,Flip Flops,Flip Flops,Off White,Solid,Leather,Guess,Casual,Everyday,Basic,Guess Off White Sneakers,,http://assets.myntassets.com/v1/images/style/properties/99d4e17724e37f2779b7fccf6bfaa031_images.jpg
37267,Women,Apparel,Apparel Set,Clothing Set,Unknown,Unknown,Unknown,Hollister,Casual,Everyday,Basic,Hollister Clothing,,http://assets.myntassets.com/v1/images/style/properties/United-Colors-of-Benetton-Women-Red-Printed-Dress_06324ea0ce0cb4cc0348695a608bc307_images.jpg
34010,Women,Apparel,Topwear,Blazers,Black,Solid,Cotton,Old Navy,Casual,Everyday,Basic,Old Navy Black Tshirt,,http://assets.myntassets.com/v1/images/style/properties/93df8e213a98b53c57991ecfe37a68ec_images.jpg
34861,Men,Footwear,Flip Flops,Flip Flops,Red,Plaid,Canvas,Versace,Casual,Everyday,Basic,Versace Red Sneakers,,http://assets.myntassets.com/v1/images/style/properties/637030c279a66196db7aa13ee458bdaa_images.jpg
29172,Women,Apparel,Bottomwear,Capris,Red,Floral,Cotton,Flying Machine,Casual,Everyday,Basic,Flying Machine Red Skirt,,http://assets.myntassets.com/v1/images/style/properties/85470ee22d965c848c9cc4bebf05cc92_images.jpg
31090,Men,Apparel,Topwear,Blazers,Red,Solid,Cotton,Fortune,Casual,Everyday,Basic,Fortune Red Shirt,,http://assets.myntassets.com/v1/images/style/properties/d05fbaab67782fccbcbe4ec8d1d77ed7_images.jpg
31946,Men,Footwear,Flip Flops,Flip Flops,Red,Solid,Unknown,Franco,Casual,Everyday,Basic,Franco Red Sneakers,,http://assets.myntassets.com/v1/images/style/properties/860c3801d65995ce20b695cf1aea1a17_images.jpg
50194,Men,Apparel,Topwear,Blazers,Red,Solid,Cotton,GAS,Casual,Everyday,Basic,GAS Red Tshirt,,http://assets.myntassets.com/v1/images/style/properties/0fbddfb7b4d428055c7ee385bffc655e_images.jpg
34036,Men,Apparel,Topwear,Blazers,Red,Plaid,Cotton,Gini & Jony,Casual,Everyday,Basic,Gini & Jony Red Shirt,,http://assets.myntassets.com/v1/images/style/properties/17d5cdd77de6f87ee2451b98f3466d88_images.jpg
8320,Men,Apparel,Topwear,Blazers,Red,Unknown,Cotton,Globalite,Casual,Everyday,Basic,Globalite Red Tshirt,,http://assets.myntassets.com/v1/images/style/properties/a91625942bc70e1e531328c67e0456f2_images.jpg
31177,Women,Apparel,Topwear,Blazers,Red,Solid,Cotton,Grendha,Casual,Everyday,Basic,Grendha Red Top,,http://assets.myntassets.com/v1/images/style/properties/04c7ce1d3a06c0c4d457ac1cc9f963ac_images.jpg
36722,Men,Apparel,Topwear,Blazers,Red,Striped,Cotton,Catwalk,Casual,Everyday,Basic,Catwalk Red Tshirt,,http://assets.myntassets.com/v1/images/style/properties/8dd898164adb76a9698375278cb83fd8_images.jpg
40125,Men,Apparel,Bottomwear,Shorts,Black,Solid,Cotton,Carlton,Casual,Everyday,Basic,Carlton Black Cargo Shorts,,http://assets.myntassets.com/v1/images/style/properties/e5aca792d82cd3bd7134f1540341f747_images.jpg
36748,Men,Apparel,Bottomwear,Shorts,Blue,Solid,Cotton,Cobblerz,Casual,Everyday,Basic,Cobblerz Blue Shorts,,http://assets.myntassets.com/v1/images/style/properties/4a6a0aa40022d4f89eec3940517ac9ac_images.jpg
3332,Men,Apparel,Apparel Set,Clothing Set,Unknown,Unknown,Unknown,Decathlon,Casual,Everyday,Basic,Decathlon Clothing,,http://assets.myntassets.com/v1/images/style/properties/RCB-Men-Fangear-Tee_683b90b0495d687abcd704bcca10cd00_images.jpg
3135,Women,Footwear,Sandal,Sandals,Red,Striped,Leather,Disney,Casual,Everyday,Basic,Disney Red Sandals,,http://assets.myntassets.com/v1/images/style/properties/33297561a7540d13c77164a3bbe276e4_images.jpg
20906,Women,Apparel,Dress,Dresses,Red,Unknown,Leather,Fabindia,Casual,Everyday,Basic,Fabindia Red Dress,,http://assets.myntassets.com/v1/images/style/properties/37e5078b917b88049642f0ff6091ea65_images.jpg
49495,Men,Footwear,Flip Flops,Flip Flops,Off White,Solid,Unknown,FILA,Casual,Everyday,Basic,FILA Off White Sneakers,,http://assets.myntassets.com/v1/images/style/properties/Vans-Men-Khaki-Shoes_dcaf7c703e9c0396650529df2b2a8893_images.jpg
34015,Women,Apparel,Dress,Dresses,Red,Solid,Cotton,Fila,Casual,Everyday,Basic,Fila Red Dress,,http://assets.myntassets.com/v1/images/style/properties/a796ba0a28290e5db9a37bff847b4a9b_images.jpg
37249,Men,Footwear,Flip Flops,Flip Flops,Brown,Solid,Leather,Ganuchi,Casual,Everyday,Basic,Ganuchi Brown Sneakers,,http://assets.myntassets.com/v1/images/style/properties/d4636e23006874ae87dde460f7724909_images.jpg
13641,Women,Footwear,Sandal,Sandals,Black,Solid,Leather,Gliders,Casual,Everyday,Basic,Gliders Black Sandals,,http://assets.myntassets.com/v1/images/style/properties/5e9b1d5ccef16fdb38cbbf5cce3b3b1c_images.jpg
40156,Women,Apparel,Topwear,Blazers,Green,Striped,Cotton,Hannah,Casual,Everyday,Basic,Hannah Green Top,,http://assets.myntassets.com/v1/images/style/properties/8ff78487998ce3099322d79f8a3798f7_images.jpg
46597,Women,Footwear,Shoes,Casual Shoes,Brown,Unknown,Unknown,ID,Casual,Everyday,Basic,ID Brown Shoes,,http://assets.myntassets.com/v1/images/style/properties/Catwalk-Women-Camel-Brown-Sandals_5302859e277637b650bc8292a696e7b5_images.jpg
8324,Men,Apparel,Topwear,Blazers,Red,Unknown,Unknown,Inc,Casual,Everyday,Basic,Inc Red Top,,http://assets.myntassets.com/v1/images/style/properties/4c5a824570499b10fd868889c206f799_images.jpg
8375,Women,Apparel,Topwear,Blazers,Blue,Floral,Cotton,Jockey,Casual,Everyday,Basic,Jockey Blue Tshirt,,http://assets.myntassets.com/v1/images/style/properties/e487ee81516bcf0246bf2403748ed894_images.jpg
15268,Women,Footwear,Flip Flops,Flip Flops,Off White,Solid,Leather,Kappa,Casual,Everyday,Basic,Kappa Off White Sneakers,,http://assets.myntassets.com/v1/images/style/properties/940f1a66a6bab802829dad90513ec1f7_images.jpg
31150,Men,Apparel,Topwear,Blazers,Black,Unknown,Cotton,Lacoste,Casual,Everyday,Basic,Lacoste Black Tshirt,,http://assets.myntassets.com/v1/images/style/properties/c022178d134cdefba81a5e8d142ecb25_images.jpg
22284,Women,Footwear,Sandal,Sandals,Brown,Solid,Leather,Marks & Spencer,Casual,Everyday,Basic,Marks & Spencer Brown Sandals,,http://assets.myntassets.com/v1/images/style/properties/90b31e1c36831018e81a56a62ff3eb13_images.jpg
6619,Men,Footwear,Flip Flops,Flip Flops,Blue,Solid,Unknown,Mufti,Casual,Everyday,Basic,Mufti Blue Sneakers,,http://assets.myntassets.com/v1/images/style/properties/2aacd81da075c8d9cb891276bd9dbc9e_images.jpg
35887,Men,Apparel,Topwear,Blazers,Red,Unknown,Cotton,Pepe Jeans,Casual,Everyday,Basic,Pepe Jeans Red Tshirt,,http://assets.myntassets.com/v1/images/style/properties/fa6ec7a5404534e4974d09a421ac2825_images.jpg
23679,Men,Footwear,Shoes,Casual Shoes,Red,Solid,Unknown,Peter England,Casual,Everyday,Basic,Peter England Red Shoes,,http://assets.myntassets.com/v1/images/style/properties/fe190c0bcadd3318af38d63b93a9b40e_images.jpg
13473,Women,Footwear,Sandal,Sandals,Off White,Solid,Leather,Provogue,Casual,Everyday,Basic,Provogue Off White Sandals,,http://assets.myntassets.com/v1/images/style/properties/802e7195e5425820cc1e9e1568b80c6d_images.jpg
3620,Women,Footwear,Sandal,Sandals,Red,Floral,Unknown,Red Tape,Casual,Everyday,Basic,Red Tape Red Sandals,,http://assets.myntassets.com/v1/images/style/properties/54886447b440c758c960390254f7a1c8_images.jpg
2642,Men,Footwear,Shoes,Casual Shoes,Black,Solid,Leather,Reebok,Casual,Everyday,Basic,Reebok Black Shoes,,http://assets.myntassets.com/v1/images/style/properties/e571426e3de987910f5bdd984338bd77_images.jpg
17615,Men,Apparel,Topwear,Blazers,Red,Unknown,Cotton,Skechers,Casual,Everyday,Basic,Skechers Red Tshirt,,http://assets.myntassets.com/v1/images/style/properties/1cbaf5223bd7a31025df3c3aa9a6d7f5_images.jpg
4216,Women,Apparel,Topwear,Blazers,Yellow,Floral,Cotton,Sparx,Casual,Everyday,Basic,Sparx Yellow Tshirt,,http://assets.myntassets.com/v1/images/style/properties/3458de8c3de523b83e802072d4c7be75_images.jpg
10671,Men,Apparel,Bottomwear,Shorts,Red,Unknown,Cotton,Tommy Hilfiger,Casual,Everyday,Basic,Tommy Hilfiger Red Cargo Shorts,,http://assets.myntassets.com/v1/images/style/properties/b9e9274cbb60758fc935f64d9dbc1bdc_images.jpg
47613,Women,Footwear,Sandal,Sandals,Black,Unknown,Leather,UCB,Casual,Everyday,Basic,UCB Black Sandals,,http://assets.myntassets.com/v1/images/style/properties/01f500f73b812dc08b97bcfa30be6855_images.jpg
15520,Men,Footwear,Flip Flops,Flip Flops,Black,Solid,Leather,US Polo Assn,Casual,Everyday,Basic,US Polo Assn Black Sneakers,,http://assets.myntassets.com/v1/images/style/properties/a5f34ba3e351e71badbf97de3ae80c15_images.jpg
37632,Women,Apparel,Topwear,Blazers,Pink,Unknown,Cotton,Under Armour,Casual,Everyday,Basic,Under Armour Pink Tshirt,,http://assets.myntassets.com/v1/images/style/properties/4df37f301e937b3a7063593502a9ac7a_images.jpg
33141,Men,Apparel,Topwear,Blazers,Green,Unknown,Cotton,Uniqlo,Casual,Everyday,Basic,Uniqlo Green Tshirt,,http://assets.myntassets.com/v1/images/style/properties/1eb7fb527f85ba592d78e6c088c97944_images.jpg
38884,Men,Apparel,Topwear,Blazers,Red,Striped,Cotton,Van Heusen,Casual,Everyday,Basic,Van Heusen Red Tshirt,,http://assets.myntassets.com/v1/images/style/properties/4c950f476e72f7461569962b70071b1a_images.jpg
59761,Women,Footwear,Sandal,Sandals,Brown,Solid,Leather,Vans,Casual,Everyday,Basic,Vans Brown Sandals,,http://assets.myntassets.com/v1/images/style/properties/Rocia-Women-Black-Sandals_7796d3caa6e99e05cade5c683b1075c8_images.jpg
9053,Men,Footwear,Flip Flops,Flip Flops,Red,Solid,Leather,Versace,Casual,Everyday,Basic,Versace Red Sneakers,,http://assets.myntassets.com/v1/images/style/properties/0ebc15dcb00d4f2315f8341ee05b19a7_images.jpg
39974,Men,Apparel,Dress,Dresses,Brown,Solid,Unknown,Woodland,Casual,Everyday,Basic,Woodland Brown Dress,,http://assets.myntassets.com/v1/images/style/properties/Gas-Men-Khaki-Lear-Shoes_ee1f9af8c60c3670398b9251193f3d58_images.jpg
3134,Women,Footwear,Sandal,Sandals,Silver,Solid,Leather,Wrangler,Casual,Everyday,Basic,Wrangler Silver Sandals,,http://assets.myntassets.com/v1/images/style/properties/513613320d9fb0f3d3e7debe088314e1_images.jpg
59759,Women,Footwear,Sandal,Sandals,Black,Solid,Leather,Yonex,Casual,Everyday,Basic,Yonex Black Sandals,,http://assets.myntassets.com/v1/images/style/properties/Rocia-Women-Black-Sandals_f3f53c88b054b32a42c327acfe3172f5_images.jpg
37582,Women,Apparel,Bottomwear,Shorts,Off White,Solid,Unknown,Zara,Casual,Everyday,Basic,Zara Off White Shorts,,http://assets.myntassets.com/v1/images/style/properties/57db07637eef4f28453982d5cccb5e9b_images.jpg
34857,Men,Footwear,Flip Flops,Flip Flops,Black,Plaid,Unknown,Adidas,Casual,Everyday,Basic,Adidas Black Sneakers,,http://assets.myntassets.com/v1/images/style/properties/0e41c416bc349faead7ebe8851e1a398_images.jpg
3817,Men,Apparel,Topwear,Blazers,Yellow,Unknown,Cotton,Nike,Casual,Everyday,Basic,Nike Yellow Tshirt,,http://assets.myntassets.com/v1/images/style/properties/edfd824980413fc119008c311a43dac3_images.jpg
17029,Men,Footwear,Sandal,Sandals,Red,Abstract,Unknown,Puma,Casual,Everyday,Basic,Puma Red Sandals,,http://assets.myntassets.com/v1/images/style/properties/GAS-Men-Black-Pine-Flip-Flops_f6fcae18401c1c1fb8ab5b29c76d0781_images.jpg
49584,Women,Footwear,Sandal,Sandals,Black,Solid,Leather,Reebok,Casual,Everyday,Basic,Reebok Black Sandals,,http://assets.myntassets.com/v1/images/style/properties/d18df7f2763d6695181967fc55bfc2cc_images.jpg
58815,Women,Footwear,Shoes,Casual Shoes,Black,Solid,Unknown,Converse,Casual,Everyday,Basic,Converse Black Shoes,,http://assets.myntassets.com/v1/images/style/properties/Skechers-Women-Black-Casual-Shoes_22cf18aca86b22b5924ac426eee23348_images.jpg
52130,Women,Apparel,Dress,Dresses,Blue,Floral,Cotton,Vans,Casual,Everyday,Basic,Vans Blue Dress,,http://assets.myntassets.com/v1/images/style/properties/abb64251bc6bf52e4a3b855bc4edb4dd_images.jpg
34041,Men,Apparel,Topwear,Blazers,Red,Plaid,Cotton,Skechers,Casual,Everyday,Basic,Skechers Red Shirt,,http://assets.myntassets.com/v1/images/style/properties/a96efca0f29cae8afbea610f0eeab7a8_images.jpg
5691,Men,Footwear,Flip Flops,Flip Flops,Red,Solid,Leather,Crocs,Casual,Everyday,Basic,Crocs Red Sneakers,,http://assets.myntassets.com/v1/images/style/properties/e508e488636ba30755268cd5b917f465_images.jpg
32813,Women,Footwear,Sandal,Sandals,Pink,Floral,Unknown,Clarks,Casual,Everyday,Basic,Clarks Pink Sandals,,http://assets.myntassets.com/v1/images/style/properties/2973d20df2b2c3a9368b64cd0aab623a_images.jpg
37576,Women,Apparel,Apparel Set,Clothing Set,Unknown,Unknown,Unknown,Bata,Casual,Everyday,Basic,Bata Clothing,,http://assets.myntassets.com/v1/images/style/properties/fb0b4f85873f045107207dd9da40e56c_images.jpg
37596,Men,Apparel,Topwear,Blazers,Blue,Unknown,Cotton,ASICS,Casual,Everyday,Basic,ASICS Blue Tshirt,,http://assets.myntassets.com/v1/images/style/properties/d8ea01af4102cefd98d5a06874f471ab_images.jpg
47531,Women,Footwear,Sandal,Sandals,Red,Polka Dot,Leather,New Balance,Casual,Everyday,Basic,New Balance Red Sandals,,http://assets.myntassets.com/v1/images/style/properties/d800bd118652499f2d22d3bbe799be8a_images.jpg
13271,Women,Footwear,Sandal,Sandals,Brown,Solid,Leather,Under Armour,Casual,Everyday,Basic,Under Armour Brown Sandals,,http://assets.myntassets.com/v1/images/style/properties/69a250614c8c1fbea5c03a04f9fa12a6_images.jpg
20802,Men,Footwear,Flip Flops,Flip Flops,Red,Solid,Unknown,Woodland,Casual,Everyday,Basic,Woodland Red Sneakers,,http://assets.myntassets.com/v1/images/style/properties/89f6d664a27c88ebf7d6fc3498875fb9_images.jpg
30723,Men,Apparel,Topwear,Blazers,Red,Checkered,Cotton,Sparx,Casual,Everyday,Basic,Sparx Red Shirt,,http://assets.myntassets.com/v1/images/style/properties/99ec97b9a4d7517c59a63ca000ad2def_images.jpg
11985,Men,Footwear,Flip Flops,Flip Flops,Red,Solid,Unknown,Red Tape,Casual,Everyday,Basic,Red Tape Red Sneakers,,http://assets.myntassets.com/v1/images/style/properties/4bfce78151c396213aa4ce1ad204468b_images.jpg
41299,Women,Apparel,Topwear,Blazers,Pink,Floral,Cotton,UCB,Casual,Everyday,Basic,UCB Pink Tshirt,,http://assets.myntassets.com/v1/images/style/properties/f3b1ecf791b3086923c0d24278503c3d_images.jpg
40953,Men,Apparel,Topwear,Blazers,Black,Striped,Cotton,Van Heusen,Casual,Everyday,Basic,Van Heusen Black Tshirt,,http://assets.myntassets.com/v1/images/style/properties/5620ea3767116eade12a6a6d8c70a6f7_images.jpg
5428,Women,Apparel,Topwear,Blazers,Off White,Floral,Cotton,Wrangler,Casual,Everyday,Basic,Wrangler Off White Tshirt,,http://assets.myntassets.com/v1/images/style/properties/734e3d93e92a5cb3b5d3dba256101ffa_images.jpg
3813,Men,Apparel,Topwear,Blazers,Blue,Unknown,Cotton,Levi's,Casual,Everyday,Basic,Levi's Blue Tshirt,,http://assets.myntassets.com/v1/images/style/properties/b917f7a70fb1eb4fa34a4e332a98ca9a_images.jpg
22163,Men,Footwear,Shoes,Casual Shoes,Red,Solid,Leather,Zara,Casual,Everyday,Basic,Zara Red Shoes,,http://assets.myntassets.com/v1/images/style/properties/718cc29c21bae96c4a6766bc3c0ecf1d_images.jpg
37590,Women,Apparel,Apparel Set,Clothing Set,Unknown,Unknown,Unknown,H&M,Casual,Everyday,Basic,H&M Clothing,,http://assets.myntassets.com/v1/images/style/properties/9e74f65716e10bed59e87fc926b330e4_images.jpg
5606,Men,Footwear,Sandal,Sandals,Red,Solid,Unknown,Forever 21,Casual,Everyday,Basic,Forever 21 Red Sandals,,http://assets.myntassets.com/v1/images/style/properties/a2910180f57f2557139decd881dd66b1_images.jpg
41869,Men,Footwear,Sandal,Sandals,Yellow,Solid,Leather,Gap,Casual,Everyday,Basic,Gap Yellow Sandals,,http://assets.myntassets.com/v1/images/style/properties/d27dbd8e9666b9af2d72fbfde315f76d_images.jpg
49468,Men,Footwear,Flip Flops,Flip Flops,Red,Solid,Unknown,Uniqlo,Casual,Everyday,Basic,Uniqlo Red Sneakers,,http://assets.myntassets.com/v1/images/style/properties/Vans-Men-Maroon-Old-Skool-Shoes_d4826108fe9e4979766e62df2f7fcd06_images.jpg
37201,Women,Apparel,Bottomwear,Jeans,Blue,Floral,Denim,Tommy Hilfiger,Casual,Everyday,Basic,Tommy Hilfiger Blue Jeans,,http://assets.myntassets.com/v1/images/style/properties/3326dbead1ff9d52bec18bae953f8517_images.jpg
41858,Men,Footwear,Shoes,Casual Shoes,Brown,Unknown,Leather,Calvin Klein,Casual,Everyday,Basic,Calvin Klein Brown Shoes,,http://assets.myntassets.com/v1/images/style/properties/9efd7ae56fafd8f9e64f3829d9d3ca0c_images.jpg
33304,Men,Apparel,Topwear,Blazers,Black,Solid,Cotton,Pepe Jeans,Casual,Everyday,Basic,Pepe Jeans Black Tshirt,,http://assets.myntassets.com/v1/images/style/properties/8f70720a7471ab797d7e0be3fca31bb8_images.jpg
44211,Women,Footwear,Sandal,Sandals,Red,Abstract,Unknown,Peter England,Casual,Everyday,Basic,Peter England Red Sandals,,http://assets.myntassets.com/v1/images/style/properties/1e5ecacfe8636a7637a83d039a77e88f_images.jpg
49598,Women,Footwear,Shoes,Casual Shoes,Gray,Solid,Unknown,Mufti,Casual,Everyday,Basic,Mufti Gray Shoes,,http://assets.myntassets.com/v1/images/style/properties/d1450bf2a552e92388fc3b024d5bc1b3_images.jpg
4141,Men,Footwear,Flip Flops,Flip Flops,Red,Solid,Unknown,Provogue,Casual,Everyday,Basic,Provogue Red Sneakers,,http://assets.myntassets.com/v1/images/style/properties/2b324f99796b96c6e18d6128a1784163_images.jpg
15376,Men,Footwear,Flip Flops,Flip Flops,Black,Solid,Unknown,Arrow,Casual,Everyday,Basic,Arrow Black Sneakers,,http://assets.myntassets.com/v1/images/style/properties/429d08e06191b69741200ba1d5c32b1d_images.jpg
39849,Women,Apparel,Apparel Set,Clothing Set,Blue,Striped,Cotton,Allen Solly,Casual,Everyday,Basic,Allen Solly Blue Hoodie,,http://assets.myntassets.com/v1/images/style/properties/b45ca9f0de9d375d3276e0eb191988d9_images.jpg
24906,Men,Apparel,Topwear,Blazers,Pink,Unknown,Cotton,Benetton,Casual,Everyday,Basic,Benetton Pink Tshirt,,http://assets.myntassets.com/v1/images/style/properties/2a9fe9e548d2210462c9f41edb4f17e0_images.jpg
31149,Men,Apparel,Topwear,Blazers,Red,Unknown,Cotton,Jockey,Casual,Everyday,Basic,Jockey Red Tshirt,,http://assets.myntassets.com/v1/images/style/properties/1e68bf9565bc844200b23d8d4e1638c8_images.jpg
24259,Men,Footwear,Flip Flops,Flip Flops,Red,Unknown,Leather,Kappa,Casual,Everyday,Basic,Kappa Red Sneakers,,http://assets.myntassets.com/v1/images/style/properties/409871b3e6186c220fab46f5d2b90c7c_images.jpg
17814,Men,Footwear,Shoes,Casual Shoes,Gray,Solid,Leather,Lacoste,Casual,Everyday,Basic,Lacoste Gray Shoes,,http://assets.myntassets.com/v1/images/style/properties/66378e03115ef568fb9c485f5314738f_images.jpg
2720,Men,Apparel,Bottomwear,Shorts,Blue,Solid,Denim,Marks & Spencer,Casual,Everyday,Basic,Marks & Spencer Blue Cargo Shorts,,http://assets.myntassets.com/v1/images/style/properties/5f3939466abc9b4a64283f499e1fe3be_images.jpg
35886,Men,Apparel,Topwear,Blazers,Blue,Unknown,Cotton,Aeropostale,Casual,Everyday,Basic,Aeropostale Blue Tshirt,,http://assets.myntassets.com/v1/images/style/properties/a272608595052d315a51474809cd9dcf_images.jpg
4190,Men,Apparel,Topwear,Blazers,Yellow,Unknown,Cotton,American Eagle,Casual,Everyday,Basic,American Eagle Yellow Tshirt,,http://assets.myntassets.com/v1/images/style/properties/d557b76f1e3b2953c91f08ffe0800760_images.jpg
24985,Women,Apparel,Topwear,Blazers,Pink,Unknown,Cotton,Banana Republic,Casual,Everyday,Basic,Banana Republic Pink Tshirt,,http://assets.myntassets.com/v1/images/style/properties/6e3231084adf839cd0d0259b6b0cc4f7_images.jpg
50714,Men,Apparel,Topwear,Blazers,Red,Striped,Cotton,Guess,Casual,Everyday,Basic,Guess Red Tshirt,,http://assets.myntassets.com/v1/images/style/properties/a2b56af36d377bf03ca88f4653f465f3_images.jpg
54528,Men,Footwear,Flip Flops,Flip Flops,Red,Solid,Leather,Hollister,Casual,Everyday,Basic,Hollister Red Sneakers,,http://assets.myntassets.com/v1/images/style/properties/F-Sports-Men-White-Charger-Sports-Shoes_eabaab9bccfc72fd0b0abddf314fcd26_images.jpg
33278,Men,Apparel,Bottomwear,Jeans,Blue,Solid,Denim,Old Navy,Casual,Everyday,Basic,Old Navy Blue Jeans,,http://assets.myntassets.com/v1/images/style/properties/40e9125037b469e4cfead36e346ce79a_images.jpg
36745,Women,Apparel,Dress,Dresses,Red,Floral,Cotton,Versace,Casual,Everyday,Basic,Versace Red Dress,,http://assets.myntassets.com/v1/images/style/properties/5254a38601288234bb4977e8e27a1891_images.jpg
4723,Women,Apparel,Topwear,Blazers,Blue,Unknown,Cotton,Flying Machine,Casual,Everyday,Basic,Flying Machine Blue Tshirt,,http://assets.myntassets.com/v1/images/style/properties/770176927d2ab1128d7e84fc81a689af_images.jpg
38905,Women,Apparel,Bottomwear,Shorts,Pink,Striped,Cotton,Fortune,Casual,Everyday,Basic,Fortune Pink Shorts,,http://assets.myntassets.com/v1/images/style/properties/50ca45b6073db631892ac3832b412190_images.jpg
15713,Men,Footwear,Flip Flops,Flip Flops,Red,Solid,Unknown,Franco,Casual,Everyday,Basic,Franco Red Sneakers,,http://assets.myntassets.com/v1/images/style/properties/aea04a305c1e279cec06172c669a5751_images.jpg
12969,Men,Footwear,Flip Flops,Flip Flops,Red,Unknown,Unknown,GAS,Casual,Everyday,Basic,GAS Red Sneakers,,http://assets.myntassets.com/v1/images/style/properties/af829e3d805b3f99f3905431c425796d_images.jpg
39571,Women,Footwear,Sandal,Sandals,Brown,Unknown,Unknown,Gini & Jony,Casual,Everyday,Basic,Gini & Jony Brown Sandals,,http://assets.myntassets.com/v1/images/style/properties/f9c69de6fde250bf33430a5e4c2e1913_images.jpg
24251,Men,Footwear,Flip Flops,Flip Flops,Black,Solid,Leather,Globalite,Casual,Everyday,Basic,Globalite Black Sneakers,,http://assets.myntassets.com/v1/images/style/properties/73ac516d10dd631f07415d206bad0c05_images.jpg
39005,Women,Apparel,Topwear,Blazers,Red,Unknown,Cotton,Grendha,Casual,Everyday,Basic,Grendha Red Tshirt,,http://assets.myntassets.com/v1/images/style/properties/6d9bccab9b0814c55206caa05dd074e2_images.jpg
41759,Women,Apparel,Dress,Dresses,Red,Polka Dot,Cotton,Catwalk,Casual,Everyday,Basic,Catwalk Red Dress,,http://assets.myntassets.com/v1/images/style/properties/99760b8dd7813db663dd3c1195cfa56e_images.jpg
53757,Women,Footwear,Flip Flops,Flip Flops,Blue,Solid,Leather,Carlton,Casual,Everyday,Basic,Carlton Blue Sneakers,,http://assets.myntassets.com/v1/images/style/properties/Puma-Women-White-Sports-Shoes_4b0310657932f48364fbe27ecbece28b_images.jpg
19879,Women,Footwear,Sandal,Sandals,Off White,Geometric,Unknown,Cobblerz,Casual,Everyday,Basic,Cobblerz Off White Sandals,,http://assets.myntassets.com/v1/images/style/properties/0fec77e4e500762661d00a86c4e21cff_images.jpg
31977,Women,Footwear,Flip Flops,Flip Flops,Red,Solid,Unknown,Decathlon,Casual,Everyday,Basic,Decathlon Red Sneakers,,http://assets.myntassets.com/v1/images/style/properties/2b3ed352576a63ce4c55aacd2911f79c_images.jpg
35448,Women,Apparel,Apparel Set,Clothing Set,Unknown,Unknown,Unknown,Disney,Casual,Everyday,Basic,Disney Clothing,,http://assets.myntassets.com/v1/images/style/properties/bdcb051154afdf6da0a6b1010e116c35_images.jpg
10174,Men,Footwear,Flip Flops,Flip Flops,Red,Unknown,Leather,Fabindia,Casual,Everyday,Basic,Fabindia Red Sneakers,,http://assets.myntassets.com/v1/images/style/properties/fc4ea7a39f7b828bcf2fc6dfd81a1eb0_images.jpg
3505,Women,Footwear,Flip Flops,Flip Flops,Blue,Solid,Unknown,FILA,Casual,Everyday,Basic,FILA Blue Sneakers,,http://assets.myntassets.com/v1/images/style/properties/d0746f8615346b3fda0b4e178eee0f71_images.jpg
18653,Men,Footwear,Sandal,Sandals,Red,Solid,Unknown,Fila,Casual,Everyday,Basic,Fila Red Sandals,,http://assets.myntassets.com/v1/images/style/properties/53690e3f396f411e184b249672d6ebae_images.jpg
46598,Women,Footwear,Sandal,Sandals,Brown,Solid,Leather,Ganuchi,Casual,Everyday,Basic,Ganuchi Brown Sandals,,http://assets.myntassets.com/v1/images/style/properties/6e35a87a0206bf10aa1c3ff76ee396d2_images.jpg
15746,Men,Footwear,Flip Flops,Flip Flops,Blue,Solid,Unknown,Gliders,Casual,Everyday,Basic,Gliders Blue Sneakers,,http://assets.myntassets.com/v1/images/style/properties/Nike-Men-Ballista-II-White-Sports-Shoes_ea630bb8469a4100c6c62305bdc06174_images.jpg
56950,Women,Footwear,Sandal,Sandals,Red,Unknown,Leather,Hannah,Casual,Everyday,Basic,Hannah Red Sandals,,http://assets.myntassets.com/v1/images/style/properties/HM-Women-Maroon-Sandals_60c4cba51258c80384cde2ec74896401_images.jpg
34747,Women,Footwear,Flip Flops,Flip Flops,Off White,Solid,Leather,ID,Casual,Everyday,Basic,ID Off White Sneakers,,http://assets.myntassets.com/v1/images/style/properties/d50d4d2713962bc591c816c5306a0d5e_images.jpg
38481,Women,Apparel,Topwear,Blazers,Off White,Unknown,Cotton,Inc,Casual,Everyday,Basic,Inc Off White Top,,http://assets.myntassets.com/v1/images/style/properties/0f450243c8540b96c3d3ac350e9496f7_images.jpg
36726,Men,Apparel,Topwear,Blazers,Black,Solid,Cotton,Jockey,Casual,Everyday,Basic,Jockey Black Shirt,,http://assets.myntassets.com/v1/images/style/properties/3f39f1be7488196e23db13b5e8652136_images.jpg
33143,Men,Apparel,Topwear,Blazers,Black,Solid,Cotton,Kappa,Casual,Everyday,Basic,Kappa Black Tshirt,,http://assets.myntassets.com/v1/images/style/properties/0a1818a5a7815b7caa4c91304a57f899_images.jpg
2826,Men,Footwear,Shoes,Casual Shoes,Brown,Solid,Leather,Lacoste,Casual,Everyday,Basic,Lacoste Brown Shoes,,http://assets.myntassets.com/v1/images/style/properties/af0944e686e90b5d9dbc5bc7e0be982f_images.jpg
4718,Women,Apparel,Topwear,Blazers,Yellow,Floral,Cotton,Marks & Spencer,Casual,Everyday,Basic,Marks & Spencer Yellow Tshirt,,http://assets.myntassets.com/v1/images/style/properties/1109685531795f17aca2acaba2ab39ad_images.jpg
22361,Men,Footwear,Sandal,Sandals,Black,Geometric,Unknown,Mufti,Casual,Everyday,Basic,Mufti Black Sandals,,http://assets.myntassets.com/v1/images/style/properties/Reebok-Men-Blue-Twist-Sandals_9d151773708628e8efa686c33561b54a_images.jpg
40138,Men,Apparel,Topwear,Blazers,Yellow,Unknown,Cotton,Pepe Jeans,Casual,Everyday,Basic,Pepe Jeans Yellow Tshirt,,http://assets.myntassets.com/v1/images/style/properties/8aa81b63ed80eca1630464364e4669dc_images.jpg
6446,Men,Footwear,Flip Flops,Flip Flops,Red,Solid,Leather,Peter England,Casual,Everyday,Basic,Peter England Red Sneakers,,http://assets.myntassets.com/v1/images/style/properties/e6e6d7fee7b7aa20fb5bf93e9f340890_images.jpg
38333,Women,Apparel,Topwear,Blazers,Yellow,Unknown,Cotton,Provogue,Casual,Everyday,Basic,Provogue Yellow Tshirt,,http://assets.myntassets.com/v1/images/style/properties/ca16400a4d734548059233a6cc34851f_images.jpg
48243,Men,Apparel,Topwear,Blazers,Black,Unknown,Cotton,Red Tape,Casual,Everyday,Basic,Red Tape Black Tshirt,,http://assets.myntassets.com/v1/images/style/properties/5556232a7146aa15f3cbc0e680d06aa8_images.jpg
56975,Women,Footwear,Sandal,Sandals,Black,Solid,Leather,Reebok,Casual,Everyday,Basic,Reebok Black Sandals,,http://assets.myntassets.com/v1/images/style/properties/HM-Women-Black-Sandals_604ec9e961c132c94dcede906cf59dee_images.jpg
15519,Men,Footwear,Sandal,Sandals,Red,Solid,Leather,Skechers,Casual,Everyday,Basic,Skechers Red Sandals,,http://assets.myntassets.com/v1/images/style/properties/1d16b7a631810087d206ebcc2af4bcea_images.jpg
3893,Women,Apparel,Topwear,Blazers,Green,Solid,Cotton,Sparx,Casual,Everyday,Basic,Sparx Green Tshirt,,http://assets.myntassets.com/v1/images/style/properties/96d65a0c90b92186ce685a63663de85d_images.jpg
15724,Men,Footwear,Flip Flops,Flip Flops,Gray,Solid,Unknown,Tommy Hilfiger,Casual,Everyday,Basic,Tommy Hilfiger Gray Sneakers,,http://assets.myntassets.com/v1/images/style/properties/c958b7cb77f51aff23530d749ad5779a_images.jpg
38654,Men,Footwear,Flip Flops,Flip Flops,Red,Solid,Leather,UCB,Casual,Everyday,Basic,UCB Red Sneakers,,http://assets.myntassets.com/v1/images/style/properties/10365553644b24256ed7221979050d32_images.jpg
15491,Women,Footwear,Shoes,Casual Shoes,Brown,Solid,Leather,US Polo Assn,Casual,Everyday,Basic,US Polo Assn Brown Shoes,,http://assets.myntassets.com/v1/images/style/properties/fa6f865da55e1e26d4c23b5014f98cfb_images.jpg
13258,Women,Apparel,Apparel Set,Clothing Set,Unknown,Unknown,Unknown,Under Armour,Casual,Everyday,Basic,Under Armour Clothing,,http://assets.myntassets.com/v1/images/style/properties/Palm-Tree-Kids-Women-Solid-Purple-Capris_d66438322305ef19e235d09a741a3108_images.jpg
31127,Women,Apparel,Dress,Dresses,Red,Solid,Unknown,Uniqlo,Casual,Everyday,Basic,Uniqlo Red Dress,,http://assets.myntassets.com/v1/images/style/properties/1f7c87ee0ac12c35df8c1dd28e2cd692_images.jpg
23130,Men,Apparel,Topwear,Blazers,Red,Unknown,Cotton,Van Heusen,Casual,Everyday,Basic,Van Heusen Red Tshirt,,http://assets.myntassets.com/v1/images/style/properties/841d8c5b7b445161b006609f9f6a8f09_images.jpg
7592,Men,Footwear,Flip Flops,Flip Flops,Blue,Solid,Leather,Vans,Casual,Everyday,Basic,Vans Blue Sneakers,,http://assets.myntassets.com/v1/images/style/properties/0bbe0e10638aa98ff6f42fbffd30c1a2_images.jpg
13360,Women,Footwear,Flip Flops,Flip Flops,Red,Solid,Leather,Versace,Casual,Everyday,Basic,Versace Red Boots,,http://assets.myntassets.com/v1/images/style/properties/25f4bbfce59c7d56a07115e40a443c6a_images.jpg
7595,Women,Footwear,Shoes,Casual Shoes,Blue,Solid,Unknown,Woodland,Casual,Everyday,Basic,Woodland Blue Shoes,,http://assets.myntassets.com/v1/images/style/properties/b3f3d37c936ee1b487eb6ed3ef399e0b_images.jpg
29571,Men,Footwear,Flip Flops,Flip Flops,Blue,Solid,Canvas,Wrangler,Casual,Everyday,Basic,Wrangler Blue Sneakers,,http://assets.myntassets.com/v1/images/style/properties/61ff6d0a5a90c48fe528ddeada916425_images.jpg
39329,Women,Apparel,Bottomwear,Shorts,Red,Solid,Cotton,Yonex,Casual,Everyday,Basic,Yonex Red Shorts,,http://assets.myntassets.com/v1/images/style/properties/092ffa40994ee79053f16a7e93445890_images.jpg
39577,Women,Footwear,Sandal,Sandals,Red,Solid,Leather,Zara,Casual,Everyday,Basic,Zara Red Sandals,,http://assets.myntassets.com/v1/images/style/properties/2b71c5f8cdb335be074ea1b91fd3ccad_images.jpg
2821,Men,Footwear,Sandal,Sandals,Brown,Solid,Leather,Adidas,Casual,Everyday,Basic,Adidas Brown Sandals,,http://assets.myntassets.com/v1/images/style/properties/d7c47ca9f2381f2467cd89d19e70af3a_images.jpg
34053,Men,Apparel,Bottomwear,Shorts,Yellow,Solid,Cotton,Nike,Casual,Everyday,Basic,Nike Yellow Cargo Shorts,,http://assets.myntassets.com/v1/images/style/properties/ed972b8708185e04d4cbbc475fee3bff_images.jpg
39863,Men,Apparel,Topwear,Blazers,Red,Solid,Cotton,Puma,Casual,Everyday,Basic,Puma Red Shirt,,http://assets.myntassets.com/v1/images/style/properties/103e76f9dbc3112fc9d0659a818ca917_images.jpg
24992,Women,Apparel,Bottomwear,Shorts,Pink,Solid,Cotton,Reebok,Casual,Everyday,Basic,Reebok Pink Shorts,,http://assets.myntassets.com/v1/images/style/properties/df1bd75393a273217360a8030f54a32d_images.jpg
18172,Women,Apparel,Dress,Dresses,Red,Solid,Cotton,Converse,Casual,Everyday,Basic,Converse Red Dress,,http://assets.myntassets.com/v1/images/style/properties/c51813ebc17aa2ac35d9bd13918e984b_images.jpg
11511,Women,Apparel,Dress,Dresses,Gold,Solid,Unknown,Vans,Casual,Everyday,Basic,Vans Gold Dress,,http://assets.myntassets.com/v1/images/style/properties/09f49fced9f3a34e970cca2e5023d775_images.jpg
2227,Men,Footwear,Sandal,Sandals,Gray,Solid,Unknown,Skechers,Casual,Everyday,Basic,Skechers Gray Sandals,,http://assets.myntassets.com/v1/images/style/properties/c691cbf2c611b9e0f9af6d11ef2046af_images.jpg
33824,Women,Footwear,Flip Flops,Flip Flops,Red,Unknown,Unknown,Crocs,Casual,Everyday,Basic,Crocs Red Sneakers,,http://assets.myntassets.com/v1/images/style/properties/41c0eb951493957045c196557c201140_images.jpg
47456,Women,Footwear,Sandal,Sandals,Red,Geometric,Unknown,Clarks,Casual,Everyday,Basic,Clarks Red Sandals,,http://assets.myntassets.com/v1/images/style/properties/Tiptopp-Women-Orange-Sandals_56ecddd687d28c5f2a04d82091ebe96f_images.jpg
5404,Men,Footwear,Flip Flops,Flip Flops,Red,Geometric,Leather,Bata,Casual,Everyday,Basic,Bata Red Sneakers,,http://assets.myntassets.com/v1/images/style/properties/fa523afb4c2f1ee300b0b0267e0e0dd9_images.jpg
8358,Women,Apparel,Topwear,Blazers,Blue,Solid,Cotton,ASICS,Casual,Everyday,Basic,ASICS Blue Tshirt,,http://assets.myntassets.com/v1/images/style/properties/19cd21f22b04e942ef6e69c89d2c4c5b_images.jpg
17671,Women,Apparel,Dress,Dresses,Off White,Unknown,Leather,New Balance,Casual,Everyday,Basic,New Balance Off White Dress,,http://assets.myntassets.com/v1/images/style/properties/e6901973b42cbca3f7b020c70b95cb6b_images.jpg
13306,Men,Apparel,Apparel Set,Clothing Set,Blue,Solid,Cotton,Under Armour,Casual,Everyday,Basic,Under Armour Blue Pants,,http://assets.myntassets.com/v1/images/style/properties/e48cff60a18175ea35f3cdab4a5440e9_images.jpg
39334,Men,Apparel,Topwear,Blazers,Off White,Unknown,Cotton,Woodland,Casual,Everyday,Basic,Woodland Off White Tshirt,,http://assets.myntassets.com/v1/images/style/properties/a6dac6b401015770287effba0423aaf3_images.jpg
3902,Women,Apparel,Topwear,Blazers,Off White,Unknown,Cotton,Sparx,Casual,Everyday,Basic,Sparx Off White Top,,http://assets.myntassets.com/v1/images/style/properties/2fd473b0c70793f5f7a5278c1d98de70_images.jpg
14408,Women,Footwear,Sandal,Sandals,Brown,Solid,Leather,Red Tape,Casual,Everyday,Basic,Red Tape Brown Sandals,,http://assets.myntassets.com/v1/images/style/properties/a7f1a17d79390d0a3bf3ecd303683875_images.jpg
5375,Women,Footwear,Flip Flops,Flip Flops,Red,Solid,Leather,UCB,Casual,Everyday,Basic,UCB Red Sneakers,,http://assets.myntassets.com/v1/images/style/properties/9df7fad8456ec7a2e1ee5ce4cbb85301_images.jpg
25505,Men,Apparel,Topwear,Blazers,Off White,Abstract,Cotton,Van Heusen,Casual,Everyday,Basic,Van Heusen Off White Tshirt,,http://assets.myntassets.com/v1/images/style/properties/bad8f5591725f3dcce3b8c464f2f514f_images.jpg
17042,Men,Footwear,Flip Flops,Flip Flops,Gray,Solid,Leather,Wrangler,Casual,Everyday,Basic,Wrangler Gray Sneakers,,http://assets.myntassets.com/v1/images/style/properties/Gas-Men-White---Grey-Shoes_c9ac34e9a949fe81422026dfc24cebdf_images.jpg
43411,Women,Footwear,Sandal,Sandals,Black,Solid,Unknown,Levi's,Casual,Everyday,Basic,Levi's Black Sandals,,http://assets.myntassets.com/v1/images/style/properties/bccbe69300ebe0839bddf3299fdbfea2_images.jpg
54521,Men,Footwear,Flip Flops,Flip Flops,Off White,Solid,Leather,Zara,Casual,Everyday,Basic,Zara Off White Sneakers,,http://assets.myntassets.com/v1/images/style/properties/F-Sports-Men-White-Voyager-Sports-Shoes_c5ff061b1db80cb997ae9f796e838bb5_images.jpg
41303,Men,Apparel,Topwear,Blazers,Green,Solid,Cotton,H&M,Casual,Everyday,Basic,H&M Green Shirt,,http://assets.myntassets.com/v1/images/style/properties/436b9bd9db3b6c62e584a9d42c499928_images.jpg
49576,Women,Footwear,Sandal,Sandals,Pink,Solid,Leather,Forever 21,Casual,Everyday,Basic,Forever 21 Pink Sandals,,http://assets.myntassets.com/v1/images/style/properties/3c0410c48a5f79d8d4cfe78b7c29ee22_images.jpg
24256,Men,Footwear,Flip Flops,Flip Flops,Red,Solid,Unknown,Gap,Casual,Everyday,Basic,Gap Red Sneakers,,http://assets.myntassets.com/v1/images/style/properties/2ab9915265f0498a4adf481c64160b8a_images.jpg
39609,Women,Footwear,Shoes,Casual Shoes,Red,Unknown,Leather,Uniqlo,Casual,Everyday,Basic,Uniqlo Red Shoes,,http://assets.myntassets.com/v1/images/style/properties/7244fd363a7020603495167fafee12d5_images.jpg
13684,Men,Apparel,Topwear,Blazers,Black,Solid,Canvas,Tommy Hilfiger,Casual,Everyday,Basic,Tommy Hilfiger Black Top,,http://assets.myntassets.com/v1/images/style/properties/ab8ada0e4956967c0ad91217175ef162_images.jpg
40993,Women,Apparel,Apparel Set,Clothing Set,Unknown,Unknown,Unknown,Calvin Klein,Casual,Everyday,Basic,Calvin Klein Clothing,,http://assets.myntassets.com/assets/images/40993/2018/3/14/11521029937692-Gini-and-Jony-Women-Woven-Pink-Tops-7341521029937469-1.jpg
41009,Women,Apparel,Bottomwear,Jeans,Blue,Solid,Denim,Pepe Jeans,Casual,Everyday,Basic,Pepe Jeans Blue Jeans,,http://assets.myntassets.com/v1/images/style/properties/da1db8f5cb461e5eb02172804792e598_images.jpg
46086,Women,Footwear,Flip Flops,Flip Flops,Off White,Solid,Unknown,Peter England,Casual,Everyday,Basic,Peter England Off White Sneakers,,http://assets.myntassets.com/v1/images/style/properties/97b4da7324d9f9b3a6f507333141faae_images.jpg
49839,Women,Footwear,Sandal,Sandals,Red,Polka Dot,Unknown,Mufti,Casual,Everyday,Basic,Mufti Red Sandals,,http://assets.myntassets.com/v1/images/style/properties/3101e6784596ba83c3fb728bcf5b6187_images.jpg
38937,Men,Apparel,Bottomwear,Shorts,Blue,Solid,Denim,Provogue,Casual,Everyday,Basic,Provogue Blue Shorts,,http://assets.myntassets.com/v1/images/style/properties/5343f47aec49c7db4bd8cadf59d906ce_images.jpg
2716,Women,Apparel,Topwear,Blazers,Red,Striped,Cotton,Arrow,Casual,Everyday,Basic,Arrow Red Top,,http://assets.myntassets.com/v1/images/style/properties/9366437c28adc7c0eaaa749d6bd36c30_images.jpg
13474,Women,Footwear,Sandal,Sandals,Brown,Solid,Leather,Allen Solly,Casual,Everyday,Basic,Allen Solly Brown Sandals,,http://assets.myntassets.com/v1/images/style/properties/bc31f30a9c3f9edbb5827949a110e256_images.jpg
16803,Women,Apparel,Bottomwear,Shorts,Off White,Solid,Cotton,Benetton,Casual,Everyday,Basic,Benetton Off White Shorts,,http://assets.myntassets.com/v1/images/style/properties/e92494e2062b248942fa0a86af93a299_images.jpg
5919,Women,Footwear,Flip Flops,Flip Flops,Off White,Solid,Leather,Jockey,Casual,Everyday,Basic,Jockey Off White Sneakers,,http://assets.myntassets.com/v1/images/style/properties/3892edcc11a89cd4583e1195d0e5817a_images.jpg
39988,Men,Footwear,Flip Flops,Flip Flops,Red,Plaid,Leather,Kappa,Casual,Everyday,Basic,Kappa Red Sneakers,,http://assets.myntassets.com/v1/images/style/properties/9c3d77147758ab10f12caf6184fe13ef_images.jpg
40932,Women,Apparel,Apparel Set,Clothing Set,Green,Solid,Cotton,Lacoste,Casual,Everyday,Basic,Lacoste Green Pants,,http://assets.myntassets.com/v1/images/style/properties/3d1b513868833c696d76a79d1fc1a2eb_images.jpg
30722,Men,Apparel,Topwear,Blazers,Red,Geometric,Cotton,Marks & Spencer,Casual,Everyday,Basic,Marks & Spencer Red Shirt,,http://assets.myntassets.com/v1/images/style/properties/e0b18bf846e97179d024278f2530bfbc_images.jpg
15266,Women,Footwear,Flip Flops,Flip Flops,Red,Solid,Leather,Aeropostale,Casual,Everyday,Basic,Aeropostale Red Sneakers,,http://assets.myntassets.com/v1/images/style/properties/309cc626f544977d148320772cf03edc_images.jpg
22154,Men,Apparel,Dress,Dresses,Red,Solid,Leather,American Eagle,Casual,Everyday,Basic,American Eagle Red Dress,,http://assets.myntassets.com/v1/images/style/properties/8ad35a71d39ef0432055771175ca3adc_images.jpg
21187,Men,Apparel,Apparel Set,Clothing Set,Unknown,Unknown,Unknown,Banana Republic,Casual,Everyday,Basic,Banana Republic Clothing,,http://assets.myntassets.com/v1/images/style/properties/fc3c2314edb31f522eab09b78ebede00_images.jpg
40158,Women,Apparel,Topwear,Blazers,Blue,Striped,Cotton,Guess,Casual,Everyday,Basic,Guess Blue Top,,http://assets.myntassets.com/v1/images/style/properties/1b77be040dae4cffe0fac23f54ee2779_images.jpg
41866,Men,Footwear,Sandal,Sandals,Green,Solid,Leather,Hollister,Casual,Everyday,Basic,Hollister Green Sandals,,http://assets.myntassets.com/v1/images/style/properties/7adfef9d7001cdcb9a58822c0c8b615f_images.jpg
33252,Men,Apparel,Topwear,Blazers,Off White,Unknown,Cotton,Old Navy,Casual,Everyday,Basic,Old Navy Off White Tshirt,,http://assets.myntassets.com/v1/images/style/properties/75257ff08fff5c6958ce2c35feaacce8_images.jpg
41988,Men,Apparel,Topwear,Blazers,Blue,Plaid,Cotton,Versace,Casual,Everyday,Basic,Versace Blue Shirt,,http://assets.myntassets.com/v1/images/style/properties/d89f4ae894d44f192d64b42377d6c80b_images.jpg
8379,Women,Apparel,Topwear,Blazers,Green,Floral,Cotton,Flying Machine,Casual,Everyday,Basic,Flying Machine Green Tshirt,,http://assets.myntassets.com/v1/images/style/properties/946a16f582f37cca07c9e49f64438dec_images.jpg
20753,Women,Footwear,Sandal,Sandals,Silver,Unknown,Leather,Fortune,Casual,Everyday,Basic,Fortune Silver Sandals,,http://assets.myntassets.com/v1/images/style/properties/d52a4d90779343c2680fdf5325a88592_images.jpg
31693,Men,Footwear,Shoes,Casual Shoes,Brown,Solid,Leather,Franco,Casual,Everyday,Basic,Franco Brown Shoes,,http://assets.myntassets.com/v1/images/style/properties/f0b49a9cc297b4fa6ab22363776cdd98_images.jpg
8336,Men,Apparel,Topwear,Blazers,Red,Solid,Cotton,GAS,Casual,Everyday,Basic,GAS Red Shirt,,http://assets.myntassets.com/v1/images/style/properties/7545c0c9c543d5a9782b4c2cdfb7e7a9_images.jpg
33515,Women,Apparel,Dress,Dresses,Brown,Solid,Leather,Gini & Jony,Casual,Everyday,Basic,Gini & Jony Brown Dress,,http://assets.myntassets.com/v1/images/style/properties/6a2ff932f7a8fd2d653b5addaf4df242_images.jpg
5896,Men,Footwear,Shoes,Casual Shoes,Black,Solid,Unknown,Globalite,Casual,Everyday,Basic,Globalite Black Shoes,,http://assets.myntassets.com/v1/images/style/properties/57601ed1977aecafecafbfb1fe49a424_images.jpg
15516,Men,Footwear,Sandal,Sandals,Red,Striped,Unknown,Grendha,Casual,Everyday,Basic,Grendha Red Sandals,,http://assets.myntassets.com/v1/images/style/properties/8e61745c35f663f59c82e7e68ae30c23_images.jpg
33253,Men,Apparel,Topwear,Blazers,Yellow,Unknown,Cotton,Catwalk,Casual,Everyday,Basic,Catwalk Yellow Tshirt,,http://assets.myntassets.com/v1/images/style/properties/077807adc6b59469b6df9630a99f2e75_images.jpg
40977,Men,Apparel,Topwear,Blazers,Green,Unknown,Cotton,Carlton,Casual,Everyday,Basic,Carlton Green Tshirt,,http://assets.myntassets.com/v1/images/style/properties/3afcff662537315d2576a28b607e4d52_images.jpg
37539,Men,Apparel,Apparel Set,Clothing Set,Unknown,Unknown,Unknown,Cobblerz,Casual,Everyday,Basic,Cobblerz Clothing,,http://assets.myntassets.com/v1/images/style/properties/3b4fde3fc805549feaf58cc396be3038_images.jpg
49601,Women,Footwear,Sandal,Sandals,Brown,Unknown,Leather,Decathlon,Casual,Everyday,Basic,Decathlon Brown Sandals,,http://assets.myntassets.com/v1/images/style/properties/49937b4de08c091443f333c9627b1acc_images.jpg
24633,Women,Footwear,Sandal,Sandals,Pink,Polka Dot,Unknown,Disney,Casual,Everyday,Basic,Disney Pink Sandals,,http://assets.myntassets.com/v1/images/style/properties/33924b87c12a1b72deb3c8297cf9a72d_images.jpg
33151,Women,Apparel,Topwear,Blazers,Off White,Unknown,Cotton,Fabindia,Casual,Everyday,Basic,Fabindia Off White Tshirt,,http://assets.myntassets.com/v1/images/style/properties/ca67b9192c78f27f924e325d32bbf50d_images.jpg
12961,Men,Footwear,Sandal,Sandals,Red,Solid,Leather,FILA,Casual,Everyday,Basic,FILA Red Sandals,,http://assets.myntassets.com/v1/images/style/properties/cd86abdee8834de4aa0447b73cdcdd0c_images.jpg
12904,Men,Footwear,Flip Flops,Flip Flops,Red,Unknown,Unknown,Fila,Casual,Everyday,Basic,Fila Red Sneakers,,http://assets.myntassets.com/v1/images/style/properties/327593510d3b633066ceacf188df73ba_images.jpg
33146,Men,Apparel,Bottomwear,Shorts,Blue,Solid,Denim,Ganuchi,Casual,Everyday,Basic,Ganuchi Blue Shorts,,http://assets.myntassets.com/v1/images/style/properties/5e4e78593c924109d65978ca09ca44fe_images.jpg
23676,Men,Footwear,Sandal,Sandals,Black,Polka Dot,Leather,Gliders,Casual,Everyday,Basic,Gliders Black Sandals,,http://assets.myntassets.com/v1/images/style/properties/fbee867387ae6f303458cb86a7e46fa5_images.jpg
43935,Women,Footwear,Sandal,Sandals,Off White,Solid,Leather,Hannah,Casual,Everyday,Basic,Hannah Off White Sandals,,http://assets.myntassets.com/v1/images/style/properties/6c5b3ea71c4b1365df13de7320626602_images.jpg
46584,Women,Footwear,Sandal,Sandals,Off White,Solid,Leather,ID,Casual,Everyday,Basic,ID Off White Sandals,,http://assets.myntassets.com/v1/images/style/properties/f9cd868eaeebaccefeab4d9e35fa3706_images.jpg
30250,Men,Footwear,Sandal,Sandals,Red,Solid,Unknown,Inc,Casual,Everyday,Basic,Inc Red Sandals,,http://assets.myntassets.com/v1/images/style/properties/ee0e918c229e76e0e7e61712e9d2ecb3_images.jpg
38999,Men,Apparel,Topwear,Blazers,Red,Solid,Cotton,Jockey,Casual,Everyday,Basic,Jockey Red Shirt,,http://assets.myntassets.com/v1/images/style/properties/553b3cec5a88fbef0ee6833ebb7108df_images.jpg
38283,Men,Apparel,Topwear,Blazers,Green,Unknown,Cotton,Kappa,Casual,Everyday,Basic,Kappa Green Tshirt,,http://assets.myntassets.com/v1/images/style/properties/2800c8f9f63c160ac3c78fdb91e22f77_images.jpg
46831,Men,Apparel,Topwear,Blazers,Red,Plaid,Cotton,Lacoste,Casual,Everyday,Basic,Lacoste Red Shirt,,http://assets.myntassets.com/v1/images/style/properties/943d9b272c042d8b06ee6b1d277de5be_images.jpg
36442,Men,Footwear,Flip Flops,Flip Flops,Red,Solid,Unknown,Marks & Spencer,Casual,Everyday,Basic,Marks & Spencer Red Sneakers,,http://assets.myntassets.com/v1/images/style/properties/cd2866856f1acb4f49239ab4ea2689ef_images.jpg
50724,Women,Apparel,Dress,Dresses,Red,Solid,Denim,Mufti,Casual,Everyday,Basic,Mufti Red Dress,,http://assets.myntassets.com/v1/images/style/properties/8f184224331047aa5fc5b0041b04dc53_images.jpg
47624,Women,Footwear,Sandal,Sandals,Brown,Floral,Leather,Pepe Jeans,Casual,Everyday,Basic,Pepe Jeans Brown Sandals,,http://assets.myntassets.com/v1/images/style/properties/fa28030435da2e60179f7ffe5b40f5d9_images.jpg
8360,Women,Apparel,Topwear,Blazers,Yellow,Unknown,Cotton,Peter England,Casual,Everyday,Basic,Peter England Yellow Tshirt,,http://assets.myntassets.com/v1/images/style/properties/36402d27d97e01bed7d4dd4507581d36_images.jpg
