ProductId,Gender,Item-type,Itemcategory,ProductType,Colour,Pattern,Material,Brand,Style,Sub-Style,Specific Style,ProductTitle,Image,ImageURL
39583,Women,Footwear,Shoes,Heels,Red,Floral,leather,Adidas,Casual,Everyday,Basic,Catwalk Women Red Flats,39583.jpg,http://assets.myntassets.com/v1/images/style/properties/f79912503e091e645cc5ad89e3746257_images.jpg
38506,Women,Apparel,Bottomwear,Capris,Pink,Solid,cotton,Nike,Casual,Everyday,Basic,Gini and Jony Women Woven Pink Pedal Pusher,38506.jpg,http://assets.myntassets.com/v1/images/style/properties/0fe19b1763b81265b02894e87fcd9d2a_images.jpg
32812,Women,Footwear,Shoes,Heels,Black,Floral,leather,Puma,Casual,Everyday,Basic,iPanema Women Ritmos Black Flats,32812.jpg,http://assets.myntassets.com/v1/images/style/properties/450c993ee4d0bbca5ef5015978d678b7_images.jpg
35453,Men,Apparel,Topwear,Tshirts,White,Geometric,cotton,Reebok,Casual,Everyday,Basic,Doodle Men Printed White T-shirt,35453.jpg,http://assets.myntassets.com/v1/images/style/properties/f3aae7f34c7429ec0cdefd09861d5756_images.jpg
3551,Men,Footwear,Shoes,Casual Shoes,Brown,Solid,leather,Converse,Casual,Everyday,Basic,Skechers Men's Charcoal Lifestyle Shoe,3551.jpg,http://assets.myntassets.com/v1/images/style/properties/cbfbb7dc1aee995012f8bc9cda960063_images.jpg
34023,Men,Apparel,Topwear,Tshirts,Green,Solid,cotton,Vans,Casual,Everyday,Basic,Palm Tree Men Printed Green T-shirt,34023.jpg,http://assets.myntassets.com/v1/images/style/properties/0e920cd506d955d767b0c3c9f19825e7_images.jpg
3301,Women,Footwear,Shoes,Sports Shoes,White,Striped,canvas,Skechers,Sports,Athletic,Training,Asics Women Gel Cushioning White Pink Shoe,3301.jpg,http://assets.myntassets.com/v1/images/style/properties/Asics-Women-Gel-Cushioning-White-Pink-Shoe_6d9b860f1d884359880b5180dc1e1544_images.jpg
22500,Women,Footwear,Shoes,Casual Shoes,Blue,Solid,leather,Crocs,Casual,Everyday,Basic,Catwalk Women Blue Casual Shoes,22500.jpg,http://assets.myntassets.com/v1/images/style/properties/739dcbf6e32c6ee9236e444a01b49c8d_images.jpg
49600,Women,Footwear,Shoes,Heels,White,Solid,leather,Clarks,Casual,Everyday,Basic,Catwalk Women White Flats,49600.jpg,http://assets.myntassets.com/v1/images/style/properties/569ae45b0735189f09a9c4a81606cd4d_images.jpg
33088,Women,Footwear,Shoes,Heels,Gold,Geometric,leather,Bata,Casual,Everyday,Basic,Catwalk Women Gold Flats,33088.jpg,http://assets.myntassets.com/v1/images/style/properties/ca819fc95ae22193255179d3af2981ba_images.jpg
38941,Men,Apparel,Bottomwear,Shorts,Blue,Solid,denim,ASICS,Casual,Everyday,Basic,Gini and Jony Men Blue Shorts,38941.jpg,http://assets.myntassets.com/v1/images/style/properties/1577780d6110a11119c9e043d5bdaada_images.jpg
13562,Women,Footwear,Shoes,Heels,Purple,Solid,leather,New Balance,Casual,Everyday,Basic,Carlton London Women Casual Purple Flats,13562.jpg,http://assets.myntassets.com/v1/images/style/properties/58697c8cd4309fe63dc3a13e014b834e_images.jpg
34032,Men,Apparel,Topwear,Shirts,Green,Check,cotton,Under Armour,Casual,Everyday,Basic,Gini and Jony Men Check Green Shirt,34032.jpg,http://assets.myntassets.com/v1/images/style/properties/75e759b1d9d9bf4cb69a87668433c8b1_images.jpg
2738,Men,Apparel,Topwear,Tshirts,White,Geometric,cotton,Woodland,Casual,Everyday,Basic,Disney Kids Boy's Double Fun Kidswear,2738.jpg,http://assets.myntassets.com/v1/images/style/properties/98e2cbda9777f1f29169df99f43d52d4_images.jpg
3892,Women,Apparel,Topwear,Tshirts,Pink,Geometric,cotton,Sparx,Casual,Everyday,Basic,Disney Kids Girl's Pink Minnie Top With Green Bow Kidswear,3892.jpg,http://assets.myntassets.com/v1/images/style/properties/b3815b9becf3b7599396630e6d767602_images.jpg
36751,Women,Apparel,Topwear,Tops,White,Striped,cotton,Red Tape,Casual,Everyday,Basic,Little Miss Women Blah White Top,36751.jpg,http://assets.myntassets.com/v1/images/style/properties/d3065a1272f7f6f77a002f5a640601d4_images.jpg
36316,Men,Apparel,Topwear,Tshirts,White,Geometric,cotton,UCB,Casual,Everyday,Basic,Mr.Men Men Mr. Messy White T-shirt,36316.jpg,http://assets.myntassets.com/v1/images/style/properties/82ffc0d51a29047689e682c6e6d79a06_images.jpg
35892,Men,Apparel,Topwear,Tshirts,White,Floral,cotton,Van Heusen,Casual,Everyday,Basic,Jungle Book Men Lucky White T-shirt,35892.jpg,http://assets.myntassets.com/v1/images/style/properties/d08dc8fd391c00f27388e2b3b2f0cce1_images.jpg
30728,Women,Apparel,Bottomwear,Salwar,Orange,Floral,cotton,Wrangler,Ethnic,Traditional,Cultural,Fabindia Women Orange Mangalgiri Salwar,30728.jpg,http://assets.myntassets.com/v1/images/style/properties/9a1ad2d93bc7dd5a810d10f9d9b5aaf6_images.jpg
15740,Women,Footwear,Shoes,Sports Shoes,Grey,Solid,canvas,Levi's,Sports,Active,Outdoor,Nike Women Air Relentless Grey Sports Shoes,15740.jpg,http://assets.myntassets.com/v1/images/style/properties/1d8cf73c6bfc5a83421481a1196cc6a5_images.jpg
31144,Men,Apparel,Topwear,Tshirts,Pink,Geometric,cotton,Zara,Casual,Everyday,Basic,Gini and Jony Men Printed Pink T-shirt,31144.jpg,http://assets.myntassets.com/v1/images/style/properties/deba391102cf15058addefecf16dc72e_images.jpg
39582,Women,Footwear,Shoes,Heels,Brown,Solid,leather,H&M,Casual,Everyday,Basic,Catwalk Women Brown Flats,39582.jpg,http://assets.myntassets.com/v1/images/style/properties/72319583aaacca761bbca78e35fc9687_images.jpg
39980,Men,Footwear,Shoes,Casual Shoes,Brown,Solid,leather,Forever 21,Casual,Everyday,Basic,Gas Men Flint Brown Shoes,39980.jpg,http://assets.myntassets.com/v1/images/style/properties/a7a8fe472fe8efb3f3b92a1a21ba1b6f_images.jpg
54959,Men,Apparel,Topwear,Tshirts,Blue,Solid,leather,Gap,Casual,Everyday,Basic,Do u speak green Men Blue T-shirt,54959.jpg,http://assets.myntassets.com/v1/images/style/properties/Do-u-speak-green-Men-Blue-T-shirt_be628e3930d00b2609a2ac2ae7a55021_images.jpg
16734,Men,Footwear,Flip Flops,Flip Flops,Maroon,Solid,leather,Uniqlo,Casual,Everyday,Basic,Lotto Men Emeriti Maroon Slipper,16734.jpg,http://assets.myntassets.com/v1/images/style/properties/7600f1237827bb23131b59a0c8b9a7bc_images.jpg
12847,Men,Apparel,Topwear,Tshirts,Black,Solid,leather,Tommy Hilfiger,Casual,Everyday,Basic,Ant Kids Men National Champion Black Tshirts,12847.jpg,http://assets.myntassets.com/v1/images/style/properties/09359395fafdff5f790e205af6465a8b_images.jpg
41861,Men,Footwear,Sandal,Sandals,Black,Solid,leather,Calvin Klein,Casual,Everyday,Basic,Estd. 1977 Men Black Sandals,41861.jpg,http://assets.myntassets.com/v1/images/style/properties/b996cb05ae7c16cabfa4cadc23818247_images.jpg
37534,Men,Apparel,Innerwear,Innerwear Vests,Blue,Solid,leather,Pepe Jeans,Casual,Everyday,Basic,Madagascar3 Men Blue Innerwear Vest,37534.jpg,http://assets.myntassets.com/v1/images/style/properties/052b64ef79b2ec2fddd019165dcaa7db_images.jpg
21863,Women,Apparel,Topwear,Tops,Yellow,Solid,leather,Peter England,Casual,Everyday,Basic,Chhota Bheem Kids Women Lets Catch Them Yellow Top,21863.jpg,http://assets.myntassets.com/v1/images/style/properties/fa10019b09df17da1f1abf127564d4a4_images.jpg
12957,Men,Footwear,Shoes,Sports Shoes,Grey,Geometric,cotton,Mufti,Sports,Active,Outdoor,ADIDAS Men Grey Sports Shoes,12957.jpg,http://assets.myntassets.com/v1/images/style/properties/285f77d54aa639885c93fbb6e886824b_images.jpg
11949,Men,Footwear,Shoes,Casual Shoes,Brown,Solid,leather,Provogue,Casual,Everyday,Basic,Ganuchi Men Casual Brown Casual Shoes,11949.jpg,http://assets.myntassets.com/v1/images/style/properties/45da55174d251a833af58e1aa162052d_images.jpg
29236,Women,Footwear,Sandal,Sports Sandals,Navy Blue,Solid,canvas,Arrow,Casual,Everyday,Basic,Puma Women Roque Navy Blue Sandals,29236.jpg,http://assets.myntassets.com/v1/images/style/properties/a4a99deb5ed6405de23b63091696a012_images.jpg
3594,Men,Footwear,Shoes,Casual Shoes,White,Solid,leather,Allen Solly,Casual,Everyday,Basic,Converse Men's Chuck Taylor Print OX White Canvas Shoe,3594.jpg,http://assets.myntassets.com/v1/images/style/properties/894464418a042a27101effb0c4e5e17b_images.jpg
26624,Women,Footwear,Shoes,Sports Shoes,Purple,Solid,leather,Benetton,Sports,Active,Outdoor,Puma Women Bodytrain Purple Sports Shoes,26624.jpg,http://assets.myntassets.com/v1/images/style/properties/6e3a89f22b6afb6c205096feb38bb722_images.jpg
22197,Men,Footwear,Shoes,Casual Shoes,Brown,Solid,leather,Jockey,Casual,Everyday,Basic,Timberland Men Brown Casual Shoes,22197.jpg,http://assets.myntassets.com/v1/images/style/properties/012a3c034f69c794277712a2904a629f_images.jpg
54544,Men,Footwear,Shoes,Sports Shoes,Black,Solid,leather,Kappa,Sports,Active,Outdoor,F Sports Men Black Pace Sports Shoes,54544.jpg,http://assets.myntassets.com/v1/images/style/properties/F-Sports-Men-Black-Pace-Sports-Shoes_564a9fd92f55538cafab82567a7fbce3_images.jpg
8357,Men,Apparel,Topwear,Tshirts,Green,Solid,canvas,Lacoste,Casual,Everyday,Basic,Doodle Boy's End Is Just Begining Green Kidswear,8357.jpg,http://assets.myntassets.com/v1/images/style/properties/0679f587e85082b827247be7d7ba5a17_images.jpg
9400,Men,Footwear,Shoes,Sports Shoes,Black,Floral,cotton,Marks & Spencer,Sports,Active,Outdoor,Nike Men Dual Fusion Black TR II Sports Shoes,9400.jpg,http://assets.myntassets.com/v1/images/style/properties/3ba767d12d769d771e11ce55a121f5ac_images.jpg
23840,Men,Footwear,Shoes,Casual Shoes,Brown,Solid,canvas,Aeropostale,Casual,Everyday,Basic,ADIDAS Men Brown Shoes,23840.jpg,http://assets.myntassets.com/v1/images/style/properties/b676624ef006e153f4ac61d5a70d31d8_images.jpg
56966,Women,Footwear,Shoes,Heels,Black,Solid,cotton,American Eagle,Casual,Everyday,Basic,HM Women Black Flats,56966.jpg,http://assets.myntassets.com/v1/images/style/properties/HM-Women-Black-Sandals_8b0fd5ae22b09a10df992be649faaabe_images.jpg
7753,Men,Footwear,Shoes,Sports Shoes,Black,Solid,canvas,Banana Republic,Sports,Active,Outdoor,Fila Men's Victory Black Shoe,7753.jpg,http://assets.myntassets.com/v1/images/style/properties/3090de677a92eb346719f0632e939062_images.jpg
23917,Women,Footwear,Shoes,Casual Shoes,White,Striped,canvas,Guess,Casual,Everyday,Basic,Fila Women Paramount White Casual Shoes,23917.jpg,http://assets.myntassets.com/v1/images/style/properties/99d4e17724e37f2779b7fccf6bfaa031_images.jpg
37267,Women,Apparel,Dress,Dresses,Red,Polka Dot,cotton,Hollister,Casual,Everyday,Basic,United Colors of Benetton Women Red Printed Dress,37267.jpg,http://assets.myntassets.com/v1/images/style/properties/United-Colors-of-Benetton-Women-Red-Printed-Dress_06324ea0ce0cb4cc0348695a608bc307_images.jpg
34010,Women,Apparel,Topwear,Tops,Black,Solid,cotton,Old Navy,Casual,Everyday,Basic,Gini and Jony Women Black Top,34010.jpg,http://assets.myntassets.com/v1/images/style/properties/93df8e213a98b53c57991ecfe37a68ec_images.jpg
34861,Men,Footwear,Shoes,Casual Shoes,Grey,Check,canvas,Versace,Casual,Everyday,Basic,Vans Men Era Grey Shoes,34861.jpg,http://assets.myntassets.com/v1/images/style/properties/637030c279a66196db7aa13ee458bdaa_images.jpg
29172,Women,Apparel,Bottomwear,Skirts,Pink,Floral,cotton,Flying Machine,Casual,Everyday,Basic,United Colors of Benetton Kids Women Printed Pink Skirt,29172.jpg,http://assets.myntassets.com/v1/images/style/properties/85470ee22d965c848c9cc4bebf05cc92_images.jpg
31090,Men,Apparel,Topwear,Shirts,Black,Solid,cotton,Fortune,Casual,Everyday,Basic,Gini and Jony Men Black Shirt,31090.jpg,http://assets.myntassets.com/v1/images/style/properties/d05fbaab67782fccbcbe4ec8d1d77ed7_images.jpg
31946,Men,Footwear,Shoes,Casual Shoes,Grey,Solid,canvas,Franco,Casual,Everyday,Basic,Nike Men Avid Grey Shoes,31946.jpg,http://assets.myntassets.com/v1/images/style/properties/860c3801d65995ce20b695cf1aea1a17_images.jpg
50194,Men,Apparel,Topwear,Tshirts,Black,Geometric,cotton,GAS,Casual,Everyday,Basic,Gini and Jony Men Black T-shirt,50194.jpg,http://assets.myntassets.com/v1/images/style/properties/0fbddfb7b4d428055c7ee385bffc655e_images.jpg
34036,Men,Apparel,Topwear,Shirts,Blue,Check,cotton,Gini & Jony,Casual,Everyday,Basic,Palm Tree Men Check Blue Shirt,34036.jpg,http://assets.myntassets.com/v1/images/style/properties/17d5cdd77de6f87ee2451b98f3466d88_images.jpg
8320,Men,Apparel,Topwear,Tshirts,Red,Geometric,cotton,Globalite,Casual,Everyday,Basic,Doodle Boy's Route 66 Biker Red Teen Kidswear,8320.jpg,http://assets.myntassets.com/v1/images/style/properties/a91625942bc70e1e531328c67e0456f2_images.jpg
31177,Women,Apparel,Topwear,Tops,Red,Solid,cotton,Grendha,Casual,Everyday,Basic,Gini and Jony Women Red Top,31177.jpg,http://assets.myntassets.com/v1/images/style/properties/04c7ce1d3a06c0c4d457ac1cc9f963ac_images.jpg
36722,Men,Apparel,Topwear,Tshirts,Red,Striped,cotton,Catwalk,Casual,Everyday,Basic,Gini and Jony Men Striped Red T-Shirt,36722.jpg,http://assets.myntassets.com/v1/images/style/properties/8dd898164adb76a9698375278cb83fd8_images.jpg
40125,Men,Apparel,Bottomwear,Shorts,Black,Solid,cotton,Carlton,Casual,Everyday,Basic,Gini and Jony Men Customised Black Shorts,40125.jpg,http://assets.myntassets.com/v1/images/style/properties/e5aca792d82cd3bd7134f1540341f747_images.jpg
36748,Men,Apparel,Apparel Set,Clothing Set,Blue,Geometric,cotton,Cobblerz,Casual,Everyday,Basic,Mr.Men Men Mr. Small Blue Clothing Set,36748.jpg,http://assets.myntassets.com/v1/images/style/properties/4a6a0aa40022d4f89eec3940517ac9ac_images.jpg
3332,Men,Apparel,Topwear,Tshirts,Red,Solid,leather,Decathlon,Sports,Active,Outdoor,RCB Men Fangear Tee,3332.jpg,http://assets.myntassets.com/v1/images/style/properties/RCB-Men-Fangear-Tee_683b90b0495d687abcd704bcca10cd00_images.jpg
3135,Women,Footwear,Shoes,Heels,Gold,Striped,leather,Disney,Casual,Everyday,Basic,Catwalk Women Heeded Golden Strap Black Heels,3135.jpg,http://assets.myntassets.com/v1/images/style/properties/33297561a7540d13c77164a3bbe276e4_images.jpg
20906,Women,Footwear,Shoes,Heels,Red,Solid,canvas,Fabindia,Casual,Everyday,Basic,Catwalk Women Casual Red Heels,20906.jpg,http://assets.myntassets.com/v1/images/style/properties/37e5078b917b88049642f0ff6091ea65_images.jpg
49495,Men,Footwear,Shoes,Casual Shoes,Khaki,Geometric,cotton,FILA,Casual,Everyday,Basic,Vans Men Khaki Shoes,49495.jpg,http://assets.myntassets.com/v1/images/style/properties/Vans-Men-Khaki-Shoes_dcaf7c703e9c0396650529df2b2a8893_images.jpg
34015,Women,Apparel,Dress,Dresses,Magenta,Solid,canvas,Fila,Casual,Everyday,Basic,Gini and Jony Women Pink Dress,34015.jpg,http://assets.myntassets.com/v1/images/style/properties/a796ba0a28290e5db9a37bff847b4a9b_images.jpg
37249,Men,Footwear,Shoes,Casual Shoes,Brown,Solid,leather,Ganuchi,Casual,Everyday,Basic,United Colors of Benetton Men Brown Shoes,37249.jpg,http://assets.myntassets.com/v1/images/style/properties/d4636e23006874ae87dde460f7724909_images.jpg
13641,Women,Footwear,Shoes,Heels,Navy Blue,Solid,leather,Gliders,Casual,Everyday,Basic,Carlton London Women Casual Navy Flats,13641.jpg,http://assets.myntassets.com/v1/images/style/properties/5e9b1d5ccef16fdb38cbbf5cce3b3b1c_images.jpg
40156,Women,Apparel,Topwear,Tops,Green,Solid,canvas,Hannah,Casual,Everyday,Basic,Gini and Jony Women Core Green Top,40156.jpg,http://assets.myntassets.com/v1/images/style/properties/8ff78487998ce3099322d79f8a3798f7_images.jpg
46597,Women,Footwear,Shoes,Heels,Mushroom Brown,Solid,leather,ID,Casual,Everyday,Basic,Catwalk Women Mushroom Brown Heels,46597.jpg,http://assets.myntassets.com/v1/images/style/properties/Catwalk-Women-Camel-Brown-Sandals_5302859e277637b650bc8292a696e7b5_images.jpg
8324,Men,Apparel,Topwear,Tshirts,White,Solid,canvas,Inc,Casual,Everyday,Basic,Doodle Boy's Athletic 77 Dept White Kidswear,8324.jpg,http://assets.myntassets.com/v1/images/style/properties/4c5a824570499b10fd868889c206f799_images.jpg
8375,Women,Apparel,Topwear,Tshirts,Blue,Solid,leather,Jockey,Casual,Everyday,Basic,Doodle Girl's Dont Worry Hippie Blue Teen Kidswear,8375.jpg,http://assets.myntassets.com/v1/images/style/properties/e487ee81516bcf0246bf2403748ed894_images.jpg
15268,Women,Footwear,Shoes,Casual Shoes,Purple,Solid,leather,Kappa,Casual,Everyday,Basic,ADIDAS Originals Women Rekapi Purple Casual Shoes,15268.jpg,http://assets.myntassets.com/v1/images/style/properties/940f1a66a6bab802829dad90513ec1f7_images.jpg
31150,Men,Apparel,Topwear,Tshirts,Navy Blue,Solid,canvas,Lacoste,Casual,Everyday,Basic,Gini and Jony Men Printed Navy Blue T-shirt,31150.jpg,http://assets.myntassets.com/v1/images/style/properties/c022178d134cdefba81a5e8d142ecb25_images.jpg
22284,Women,Footwear,Shoes,Heels,Gold,Solid,canvas,Marks & Spencer,Casual,Everyday,Basic,Inc. 5 Women Casual Golden Heels,22284.jpg,http://assets.myntassets.com/v1/images/style/properties/90b31e1c36831018e81a56a62ff3eb13_images.jpg
6619,Men,Footwear,Shoes,Sports Shoes,White,Solid,leather,Mufti,Sports,Active,Outdoor,ADIDAS Men's Boris White Shoe,6619.jpg,http://assets.myntassets.com/v1/images/style/properties/2aacd81da075c8d9cb891276bd9dbc9e_images.jpg
35887,Men,Apparel,Topwear,Tshirts,Yellow,Solid,leather,Pepe Jeans,Casual,Everyday,Basic,Jungle Book Men Mowgali Yellow T-shirt,35887.jpg,http://assets.myntassets.com/v1/images/style/properties/fa6ec7a5404534e4974d09a421ac2825_images.jpg
23679,Men,Footwear,Shoes,Casual Shoes,Black,Solid,leather,Peter England,Casual,Everyday,Basic,Red Tape Men Mocassins Black Casual Shoes,23679.jpg,http://assets.myntassets.com/v1/images/style/properties/fe190c0bcadd3318af38d63b93a9b40e_images.jpg
13473,Women,Footwear,Shoes,Flats,White,Solid,leather,Provogue,Casual,Everyday,Basic,Rocia Women White Heels,13473.jpg,http://assets.myntassets.com/v1/images/style/properties/802e7195e5425820cc1e9e1568b80c6d_images.jpg
3620,Women,Footwear,Flip Flops,Flip Flops,Green,Solid,leather,Red Tape,Casual,Everyday,Basic,Puma Women's Coral Green White Flip Flop,3620.jpg,http://assets.myntassets.com/v1/images/style/properties/54886447b440c758c960390254f7a1c8_images.jpg
2642,Men,Footwear,Shoes,Formal Shoes,Black,Solid,leather,Reebok,Formal,Business,Professional,Carlton London Men Semi Formal Black Shoe,2642.jpg,http://assets.myntassets.com/v1/images/style/properties/e571426e3de987910f5bdd984338bd77_images.jpg
17615,Men,Apparel,Topwear,Tshirts,White,Solid,leather,Skechers,Casual,Everyday,Basic,Doodle Men living Upto White Tshirt,17615.jpg,http://assets.myntassets.com/v1/images/style/properties/1cbaf5223bd7a31025df3c3aa9a6d7f5_images.jpg
4216,Women,Apparel,Topwear,Tshirts,Yellow,Solid,leather,Sparx,Casual,Everyday,Basic,Disney Kids Girl's Yellow Fun In The Fair Kidswear,4216.jpg,http://assets.myntassets.com/v1/images/style/properties/3458de8c3de523b83e802072d4c7be75_images.jpg
10671,Men,Apparel,Bottomwear,Shorts,Green,Solid,leather,Tommy Hilfiger,Casual,Everyday,Basic,Doodle Boy Army  Green Shorts,10671.jpg,http://assets.myntassets.com/v1/images/style/properties/b9e9274cbb60758fc935f64d9dbc1bdc_images.jpg
47613,Women,Footwear,Shoes,Heels,Brown,Solid,leather,UCB,Casual,Everyday,Basic,Portia Women Brown Heels,47613.jpg,http://assets.myntassets.com/v1/images/style/properties/01f500f73b812dc08b97bcfa30be6855_images.jpg
15520,Men,Footwear,Shoes,Casual Shoes,Black,Solid,leather,US Polo Assn,Casual,Everyday,Basic,Rockport Men CV Wing Black Casual Shoes,15520.jpg,http://assets.myntassets.com/v1/images/style/properties/a5f34ba3e351e71badbf97de3ae80c15_images.jpg
37632,Women,Apparel,Topwear,Tshirts,Pink,Striped,cotton,Under Armour,Casual,Everyday,Basic,Madagascar3 Women Pink Printed T-Shirt,37632.jpg,http://assets.myntassets.com/v1/images/style/properties/4df37f301e937b3a7063593502a9ac7a_images.jpg
33141,Men,Apparel,Topwear,Tshirts,Green,Geometric,cotton,Uniqlo,Casual,Everyday,Basic,Palm Tree Men Printed Green T-shirt,33141.jpg,http://assets.myntassets.com/v1/images/style/properties/1eb7fb527f85ba592d78e6c088c97944_images.jpg
38884,Men,Apparel,Topwear,Tshirts,Red,Solid,cotton,Van Heusen,Casual,Everyday,Basic,Allen Solly Kids Men Flock Print Red T-shirt,38884.jpg,http://assets.myntassets.com/v1/images/style/properties/4c950f476e72f7461569962b70071b1a_images.jpg
59761,Women,Footwear,Shoes,Flats,Black,Striped,cotton,Vans,Casual,Everyday,Basic,Rocia Women Black Flats,59761.jpg,http://assets.myntassets.com/v1/images/style/properties/Rocia-Women-Black-Sandals_7796d3caa6e99e05cade5c683b1075c8_images.jpg
9053,Men,Footwear,Shoes,Sports Shoes,Grey,Solid,cotton,Versace,Sports,Athletic,Training,ADIDAS Men Duramo 3 M Grey Sports Shoes,9053.jpg,http://assets.myntassets.com/v1/images/style/properties/0ebc15dcb00d4f2315f8341ee05b19a7_images.jpg
39974,Men,Footwear,Shoes,Casual Shoes,Brown,Geometric,cotton,Woodland,Casual,Everyday,Basic,Gas Men Brown Lear Shoes,39974.jpg,http://assets.myntassets.com/v1/images/style/properties/Gas-Men-Khaki-Lear-Shoes_ee1f9af8c60c3670398b9251193f3d58_images.jpg
3134,Women,Footwear,Shoes,Heels,Silver,Floral,cotton,Wrangler,Casual,Everyday,Basic,Catwalk Women Flat Studded Crystal Silver Flats,3134.jpg,http://assets.myntassets.com/v1/images/style/properties/513613320d9fb0f3d3e7debe088314e1_images.jpg
59759,Women,Footwear,Shoes,Heels,Black,Solid,cotton,Yonex,Casual,Everyday,Basic,Rocia Women Black Flats,59759.jpg,http://assets.myntassets.com/v1/images/style/properties/Rocia-Women-Black-Sandals_f3f53c88b054b32a42c327acfe3172f5_images.jpg
37582,Women,Apparel,Bottomwear,Shorts,White,Solid,leather,Zara,Casual,Everyday,Basic,Madagascar3 Women White Shorts,37582.jpg,http://assets.myntassets.com/v1/images/style/properties/57db07637eef4f28453982d5cccb5e9b_images.jpg
34857,Men,Footwear,Shoes,Casual Shoes,Black,Solid,leather,Adidas,Casual,Everyday,Basic,Vans Men Classic Slip-On Black Shoes,34857.jpg,http://assets.myntassets.com/v1/images/style/properties/0e41c416bc349faead7ebe8851e1a398_images.jpg
3817,Men,Apparel,Topwear,Tshirts,Yellow,Geometric,cotton,Nike,Casual,Everyday,Basic,Disney Kids Boy's Yellow Squirrel Kidswear,3817.jpg,http://assets.myntassets.com/v1/images/style/properties/edfd824980413fc119008c311a43dac3_images.jpg
17029,Men,Footwear,Flip Flops,Flip Flops,Black,Solid,cotton,Puma,Casual,Everyday,Basic,GAS Men Black Pine Flip Flops,17029.jpg,http://assets.myntassets.com/v1/images/style/properties/GAS-Men-Black-Pine-Flip-Flops_f6fcae18401c1c1fb8ab5b29c76d0781_images.jpg
49584,Women,Footwear,Shoes,Heels,Black,Striped,cotton,Reebok,Casual,Everyday,Basic,Catwalk Women Black Heels,49584.jpg,http://assets.myntassets.com/v1/images/style/properties/d18df7f2763d6695181967fc55bfc2cc_images.jpg
58815,Women,Footwear,Shoes,Casual Shoes,Black,Solid,cotton,Converse,Casual,Everyday,Basic,Skechers Women Black Casual Shoes,58815.jpg,http://assets.myntassets.com/v1/images/style/properties/Skechers-Women-Black-Casual-Shoes_22cf18aca86b22b5924ac426eee23348_images.jpg
52130,Women,Apparel,Dress,Dresses,Blue,Solid,cotton,Vans,Casual,Everyday,Basic,Doodle Women Blue Printed Dress,52130.jpg,http://assets.myntassets.com/v1/images/style/properties/abb64251bc6bf52e4a3b855bc4edb4dd_images.jpg
34041,Men,Apparel,Topwear,Shirts,Red,Solid,canvas,Skechers,Casual,Everyday,Basic,Gini and Jony Men Check Red Shirt,34041.jpg,http://assets.myntassets.com/v1/images/style/properties/a96efca0f29cae8afbea610f0eeab7a8_images.jpg
5691,Men,Footwear,Shoes,Casual Shoes,White,Solid,leather,Crocs,Casual,Everyday,Basic,Skechers Men's Regions Off White Shoe,5691.jpg,http://assets.myntassets.com/v1/images/style/properties/e508e488636ba30755268cd5b917f465_images.jpg
32813,Women,Footwear,Shoes,Heels,Purple,Solid,leather,Clarks,Casual,Everyday,Basic,iPanema Women Ritmos Purple Flats,32813.jpg,http://assets.myntassets.com/v1/images/style/properties/2973d20df2b2c3a9368b64cd0aab623a_images.jpg
37576,Women,Apparel,Socks,Booties,White,Solid,canvas,Bata,Casual,Everyday,Basic,Madagascar 3 Infant Women White Booties,37576.jpg,http://assets.myntassets.com/v1/images/style/properties/fb0b4f85873f045107207dd9da40e56c_images.jpg
37596,Men,Apparel,Topwear,Tshirts,Navy Blue,Geometric,cotton,ASICS,Casual,Everyday,Basic,Madagascar3 Men Navy Blue Printed T-Shirt,37596.jpg,http://assets.myntassets.com/v1/images/style/properties/d8ea01af4102cefd98d5a06874f471ab_images.jpg
47531,Women,Footwear,Shoes,Flats,Gold,Solid,cotton,New Balance,Casual,Everyday,Basic,Portia Women Purple & Gold-Toned Sandals,47531.jpg,http://assets.myntassets.com/v1/images/style/properties/d800bd118652499f2d22d3bbe799be8a_images.jpg
13271,Women,Footwear,Shoes,Heels,Gold,Striped,cotton,Under Armour,Casual,Everyday,Basic,Inc 5 Women Casual Gold Heels,13271.jpg,http://assets.myntassets.com/v1/images/style/properties/69a250614c8c1fbea5c03a04f9fa12a6_images.jpg
20802,Men,Footwear,Shoes,Sports Shoes,White,Solid,cotton,Woodland,Sports,Athletic,Training,Fila Men Racer White Sports Shoes,20802.jpg,http://assets.myntassets.com/v1/images/style/properties/89f6d664a27c88ebf7d6fc3498875fb9_images.jpg
30723,Men,Apparel,Topwear,Kurtas,Blue,Solid,cotton,Sparx,Ethnic,Traditional,Cultural,Fabindia Men Printed Blue Kurta,30723.jpg,http://assets.myntassets.com/v1/images/style/properties/99ec97b9a4d7517c59a63ca000ad2def_images.jpg
11985,Men,Footwear,Shoes,Sports Shoes,Black,Solid,leather,Red Tape,Sports,Athletic,Training,Fila Men Glow Black Sports Shoes,11985.jpg,http://assets.myntassets.com/v1/images/style/properties/4bfce78151c396213aa4ce1ad204468b_images.jpg
41299,Women,Apparel,Topwear,Tops,Pink,Solid,leather,UCB,Casual,Everyday,Basic,Gini and Jony Women Pink Top,41299.jpg,http://assets.myntassets.com/v1/images/style/properties/f3b1ecf791b3086923c0d24278503c3d_images.jpg
40953,Men,Apparel,Topwear,Tshirts,Yellow,Solid,leather,Van Heusen,Casual,Everyday,Basic,Gini and Jony Men Rodeo Yellow T-shirt,40953.jpg,http://assets.myntassets.com/v1/images/style/properties/5620ea3767116eade12a6a6d8c70a6f7_images.jpg
5428,Women,Apparel,Topwear,Tshirts,White,Solid,canvas,Wrangler,Casual,Everyday,Basic,Ant Kids Girl's White Free Bird Kidswear,5428.jpg,http://assets.myntassets.com/v1/images/style/properties/734e3d93e92a5cb3b5d3dba256101ffa_images.jpg
3813,Men,Apparel,Topwear,Tshirts,Yellow,Solid,leather,Levi's,Casual,Everyday,Basic,Disney Kids Boy's Street Crew Yellow Kidswear,3813.jpg,http://assets.myntassets.com/v1/images/style/properties/b917f7a70fb1eb4fa34a4e332a98ca9a_images.jpg
22163,Men,Footwear,Shoes,Casual Shoes,Navy Blue,Solid,leather,Zara,Casual,Everyday,Basic,Timberland Men Navy Blue Casual Shoes,22163.jpg,http://assets.myntassets.com/v1/images/style/properties/718cc29c21bae96c4a6766bc3c0ecf1d_images.jpg
37590,Women,Apparel,Innerwear,Innerwear Vests,Pink,Solid,leather,H&M,Casual,Everyday,Basic,Madagascar Women Pink Innerwear Vest,37590.jpg,http://assets.myntassets.com/v1/images/style/properties/9e74f65716e10bed59e87fc926b330e4_images.jpg
5606,Men,Footwear,Sandal,Sandals,Black,Solid,leather,Forever 21,Casual,Everyday,Basic,ADIDAS Men Kendall Black Floater,5606.jpg,http://assets.myntassets.com/v1/images/style/properties/a2910180f57f2557139decd881dd66b1_images.jpg
41869,Men,Footwear,Sandal,Sandals,Yellow,Solid,canvas,Gap,Casual,Everyday,Basic,Estd. 1977 Men Yellow & Brown Sandals,41869.jpg,http://assets.myntassets.com/v1/images/style/properties/d27dbd8e9666b9af2d72fbfde315f76d_images.jpg
49468,Men,Footwear,Shoes,Casual Shoes,Red,Solid,leather,Uniqlo,Casual,Everyday,Basic,Vans Men Red Old Skool Shoes,49468.jpg,http://assets.myntassets.com/v1/images/style/properties/Vans-Men-Maroon-Old-Skool-Shoes_d4826108fe9e4979766e62df2f7fcd06_images.jpg
37201,Women,Apparel,Bottomwear,Jeans,Blue,Solid,leather,Tommy Hilfiger,Casual,Everyday,Basic,United Colors of Benetton Women Washed Blue Jeans,37201.jpg,http://assets.myntassets.com/v1/images/style/properties/3326dbead1ff9d52bec18bae953f8517_images.jpg
41858,Men,Footwear,Sandal,Sandals,Brown,Solid,leather,Calvin Klein,Casual,Everyday,Basic,Estd. 1977 Men Brown Sandals,41858.jpg,http://assets.myntassets.com/v1/images/style/properties/9efd7ae56fafd8f9e64f3829d9d3ca0c_images.jpg
33304,Men,Apparel,Topwear,Tshirts,Yellow,Solid,leather,Pepe Jeans,Casual,Everyday,Basic,Gini and Jony Men Pack of 2 T-shirts,33304.jpg,http://assets.myntassets.com/v1/images/style/properties/8f70720a7471ab797d7e0be3fca31bb8_images.jpg
44211,Women,Footwear,Flip Flops,Flip Flops,Brown,Solid,canvas,Peter England,Casual,Everyday,Basic,iPanema Women Brown Flip Flops,44211.jpg,http://assets.myntassets.com/v1/images/style/properties/1e5ecacfe8636a7637a83d039a77e88f_images.jpg
49598,Women,Footwear,Shoes,Heels,Grey,Solid,leather,Mufti,Casual,Everyday,Basic,Catwalk Women Black & Grey Heels,49598.jpg,http://assets.myntassets.com/v1/images/style/properties/d1450bf2a552e92388fc3b024d5bc1b3_images.jpg
4141,Men,Footwear,Shoes,Casual Shoes,White,Solid,leather,Provogue,Casual,Everyday,Basic,Fila Men's Breath White Red Shoe,4141.jpg,http://assets.myntassets.com/v1/images/style/properties/2b324f99796b96c6e18d6128a1784163_images.jpg
15376,Men,Footwear,Shoes,Sports Shoes,White,Solid,leather,Arrow,Sports,Athletic,Training,FILA Men Fila Boston White Sports Shoes,15376.jpg,http://assets.myntassets.com/v1/images/style/properties/429d08e06191b69741200ba1d5c32b1d_images.jpg
39849,Women,Apparel,Topwear,Tops,Blue,Solid,leather,Allen Solly,Casual,Everyday,Basic,Gini and Jony Women Striped Blue Top,39849.jpg,http://assets.myntassets.com/v1/images/style/properties/b45ca9f0de9d375d3276e0eb191988d9_images.jpg
24906,Men,Apparel,Topwear,Tshirts,Pink,Solid,canvas,Benetton,Casual,Everyday,Basic,United Colors of Benetton Kids Men Pink Printed T-shirt,24906.jpg,http://assets.myntassets.com/v1/images/style/properties/2a9fe9e548d2210462c9f41edb4f17e0_images.jpg
31149,Men,Apparel,Topwear,Tshirts,Red,Solid,leather,Jockey,Casual,Everyday,Basic,Gini and Jony Men Printed Red T-shirt,31149.jpg,http://assets.myntassets.com/v1/images/style/properties/1e68bf9565bc844200b23d8d4e1638c8_images.jpg
24259,Men,Footwear,Shoes,Casual Shoes,Navy Blue,Geometric,cotton,Kappa,Casual,Everyday,Basic,Numero Uno Men Navy Blue Shoes,24259.jpg,http://assets.myntassets.com/v1/images/style/properties/409871b3e6186c220fab46f5d2b90c7c_images.jpg
17814,Men,Footwear,Shoes,Casual Shoes,Black,Solid,cotton,Lacoste,Casual,Everyday,Basic,Lee Cooper Men  Black Casual Shoe,17814.jpg,http://assets.myntassets.com/v1/images/style/properties/66378e03115ef568fb9c485f5314738f_images.jpg
2720,Men,Apparel,Bottomwear,Trousers,Blue,Striped,cotton,Marks & Spencer,Casual,Everyday,Basic,Disney Kids Boy's Mickey Mouse Print Pants,2720.jpg,http://assets.myntassets.com/v1/images/style/properties/5f3939466abc9b4a64283f499e1fe3be_images.jpg
35886,Men,Apparel,Topwear,Tshirts,White,Solid,cotton,Aeropostale,Casual,Everyday,Basic,Jungle Book Men 11 White T-shirt,35886.jpg,http://assets.myntassets.com/v1/images/style/properties/a272608595052d315a51474809cd9dcf_images.jpg
4190,Men,Apparel,Topwear,Tshirts,Yellow,Solid,cotton,American Eagle,Casual,Everyday,Basic,Disney Kids Boy's Yellow Little Friends Kidswear,4190.jpg,http://assets.myntassets.com/v1/images/style/properties/d557b76f1e3b2953c91f08ffe0800760_images.jpg
24985,Women,Apparel,Topwear,Tops,Pink,Solid,leather,Banana Republic,Casual,Everyday,Basic,United Colors of Benetton Kids Women Pink Printed Top,24985.jpg,http://assets.myntassets.com/v1/images/style/properties/6e3231084adf839cd0d0259b6b0cc4f7_images.jpg
50714,Men,Apparel,Topwear,Tshirts,White,Solid,leather,Guess,Casual,Everyday,Basic,Doodle Men white Printed T-Shirt,50714.jpg,http://assets.myntassets.com/v1/images/style/properties/a2b56af36d377bf03ca88f4653f465f3_images.jpg
54528,Men,Footwear,Shoes,Casual Shoes,White,Solid,canvas,Hollister,Casual,Everyday,Basic,F Sports Men White Charger Shoes,54528.jpg,http://assets.myntassets.com/v1/images/style/properties/F-Sports-Men-White-Charger-Sports-Shoes_eabaab9bccfc72fd0b0abddf314fcd26_images.jpg
33278,Men,Apparel,Bottomwear,Jeans,Blue,Solid,leather,Old Navy,Casual,Everyday,Basic,Gini and Jony Men Washed Blue Jeans,33278.jpg,http://assets.myntassets.com/v1/images/style/properties/40e9125037b469e4cfead36e346ce79a_images.jpg
36745,Women,Apparel,Apparel Set,Clothing Set,Red,Solid,leather,Versace,Casual,Everyday,Basic,Little Miss Women Sunshine Red Clothing Set,36745.jpg,http://assets.myntassets.com/v1/images/style/properties/5254a38601288234bb4977e8e27a1891_images.jpg
4723,Women,Apparel,Topwear,Tshirts,Blue,Floral,cotton,Flying Machine,Casual,Everyday,Basic,Disney Kids Girl's Jeans Blue Teen Kidswear,4723.jpg,http://assets.myntassets.com/v1/images/style/properties/770176927d2ab1128d7e84fc81a689af_images.jpg
38905,Women,Apparel,Bottomwear,Shorts,Pink,Geometric,cotton,Fortune,Casual,Everyday,Basic,Allen Solly Kids Women Poplin Pink Shorts,38905.jpg,http://assets.myntassets.com/v1/images/style/properties/50ca45b6073db631892ac3832b412190_images.jpg
15713,Men,Footwear,Shoes,Sports Shoes,Black,Solid,cotton,Nike,Sports,Athletic,Training,Nike Men Air Relentless Black Sports Shoes,15713.jpg,http://assets.myntassets.com/v1/images/style/properties/aea04a305c1e279cec06172c669a5751_images.jpg
12969,Men,Footwear,Shoes,Sports Shoes,Blue,Striped,cotton,GAS,Sports,Athletic,Training,ADIDAS Men Snova Glide Blue Sports Shoes,12969.jpg,http://assets.myntassets.com/v1/images/style/properties/af829e3d805b3f99f3905431c425796d_images.jpg
39571,Women,Footwear,Shoes,Heels,Black,Solid,cotton,Gini & Jony,Casual,Everyday,Basic,Catwalk Women Black Flats,39571.jpg,http://assets.myntassets.com/v1/images/style/properties/f9c69de6fde250bf33430a5e4c2e1913_images.jpg
24251,Men,Footwear,Shoes,Casual Shoes,Black,Solid,leather,Globalite,Casual,Everyday,Basic,Numero Uno Men Black Casual Shoes,24251.jpg,http://assets.myntassets.com/v1/images/style/properties/73ac516d10dd631f07415d206bad0c05_images.jpg
39005,Women,Apparel,Topwear,Tops,Navy Blue,Solid,leather,Grendha,Casual,Everyday,Basic,Gini and Jony Women Nautical Blues Navy Blue Top,39005.jpg,http://assets.myntassets.com/v1/images/style/properties/6d9bccab9b0814c55206caa05dd074e2_images.jpg
41759,Women,Apparel,Dress,Dresses,Navy Blue,Solid,canvas,Catwalk,Casual,Everyday,Basic,Doodle Women Navy Blue Dress,41759.jpg,http://assets.myntassets.com/v1/images/style/properties/99760b8dd7813db663dd3c1195cfa56e_images.jpg
53757,Women,Footwear,Shoes,Sports Shoes,White,Solid,leather,Carlton,Sports,Athletic,Training,Puma Women Speeder Wns Ind White Sports Shoes,53757.jpg,http://assets.myntassets.com/v1/images/style/properties/Puma-Women-White-Sports-Shoes_4b0310657932f48364fbe27ecbece28b_images.jpg
19879,Women,Footwear,Flip Flops,Flip Flops,White,Geometric,cotton,Cobblerz,Casual,Everyday,Basic,ADIDAS Women Psychedlic White Flip Flops,19879.jpg,http://assets.myntassets.com/v1/images/style/properties/0fec77e4e500762661d00a86c4e21cff_images.jpg
31977,Women,Footwear,Shoes,Sports Shoes,Olive,Solid,cotton,Nike,Sports,Athletic,Training,Nike Women Lunarswift +3 Olive Sports Shoes,31977.jpg,http://assets.myntassets.com/v1/images/style/properties/2b3ed352576a63ce4c55aacd2911f79c_images.jpg
35448,Women,Apparel,Topwear,Tops,Red,Solid,cotton,Disney,Casual,Everyday,Basic,Doodle Women Printed Red Top,35448.jpg,http://assets.myntassets.com/v1/images/style/properties/bdcb051154afdf6da0a6b1010e116c35_images.jpg
10174,Men,Footwear,Shoes,Casual Shoes,Black,Solid,cotton,Fabindia,Casual,Everyday,Basic,United Colors Of Benetton Men Latnam Black Casual Shoes,10174.jpg,http://assets.myntassets.com/v1/images/style/properties/fc4ea7a39f7b828bcf2fc6dfd81a1eb0_images.jpg
3505,Women,Footwear,Shoes,Casual Shoes,White,Striped,denim,FILA,Casual,Everyday,Basic,ADIDAS Women Adi Light White Fresh Shoe,3505.jpg,http://assets.myntassets.com/v1/images/style/properties/d0746f8615346b3fda0b4e178eee0f71_images.jpg
18653,Men,Footwear,Flip Flops,Flip Flops,Black,Solid,cotton,Fila,Casual,Everyday,Basic,Fila Men Cush Flex Black Slippers,18653.jpg,http://assets.myntassets.com/v1/images/style/properties/53690e3f396f411e184b249672d6ebae_images.jpg
46598,Women,Footwear,Shoes,Heels,Beige,Geometric,cotton,Ganuchi,Casual,Everyday,Basic,Catwalk Women Beige Heels,46598.jpg,http://assets.myntassets.com/v1/images/style/properties/6e35a87a0206bf10aa1c3ff76ee396d2_images.jpg
15746,Men,Footwear,Shoes,Sports Shoes,White,Floral,cotton,Gliders,Sports,Athletic,Training,Nike Men Ballista II White Sports Shoes,15746.jpg,http://assets.myntassets.com/v1/images/style/properties/Nike-Men-Ballista-II-White-Sports-Shoes_ea630bb8469a4100c6c62305bdc06174_images.jpg
56950,Women,Footwear,Shoes,Heels,Maroon,Solid,cotton,Hannah,Casual,Everyday,Basic,HM Women Maroon Sandals,56950.jpg,http://assets.myntassets.com/v1/images/style/properties/HM-Women-Maroon-Sandals_60c4cba51258c80384cde2ec74896401_images.jpg
34747,Women,Footwear,Shoes,Casual Shoes,White,Solid,leather,ID,Casual,Everyday,Basic,Puma Women Soleil Cat White Shoes,34747.jpg,http://assets.myntassets.com/v1/images/style/properties/d50d4d2713962bc591c816c5306a0d5e_images.jpg
38481,Women,Apparel,Topwear,Tops,White,Solid,leather,Inc,Casual,Everyday,Basic,Gini and Jony Women Milan White Top,38481.jpg,http://assets.myntassets.com/v1/images/style/properties/0f450243c8540b96c3d3ac350e9496f7_images.jpg
36726,Men,Apparel,Topwear,Tshirts,Black,Solid,canvas,Jockey,Casual,Everyday,Basic,Gini and Jony Men Polo Black T-Shirt,36726.jpg,http://assets.myntassets.com/v1/images/style/properties/3f39f1be7488196e23db13b5e8652136_images.jpg
33143,Men,Apparel,Topwear,Tshirts,Navy Blue,Solid,leather,Kappa,Casual,Everyday,Basic,Gini and Jony Men Pack of 2 T-shirts,33143.jpg,http://assets.myntassets.com/v1/images/style/properties/0a1818a5a7815b7caa4c91304a57f899_images.jpg
2826,Men,Footwear,Shoes,Formal Shoes,Brown,Solid,leather,Lacoste,Formal,Business,Professional,Lee Cooper Men Leather Semi Formal Brown Shoe,2826.jpg,http://assets.myntassets.com/v1/images/style/properties/af0944e686e90b5d9dbc5bc7e0be982f_images.jpg
4718,Women,Apparel,Topwear,Tshirts,Yellow,Solid,leather,Marks & Spencer,Casual,Everyday,Basic,Disney Kids Girl's Summer Fun Fair Yellow Teen Kidswear,4718.jpg,http://assets.myntassets.com/v1/images/style/properties/1109685531795f17aca2acaba2ab39ad_images.jpg
22361,Men,Footwear,Sandal,Sports Sandals,Navy Blue,Solid,leather,Mufti,Casual,Everyday,Basic,Reebok Men Navy Twist Sandals,22361.jpg,http://assets.myntassets.com/v1/images/style/properties/Reebok-Men-Blue-Twist-Sandals_9d151773708628e8efa686c33561b54a_images.jpg
40138,Men,Apparel,Topwear,Tshirts,Yellow,Solid,canvas,Pepe Jeans,Casual,Everyday,Basic,Gini and Jony Men Under The Sun Yellow T-shirt,40138.jpg,http://assets.myntassets.com/v1/images/style/properties/8aa81b63ed80eca1630464364e4669dc_images.jpg
6446,Men,Footwear,Shoes,Casual Shoes,Grey,Solid,leather,Peter England,Casual,Everyday,Basic,Lotto Men's Calcetto Grey Shoe,6446.jpg,http://assets.myntassets.com/v1/images/style/properties/e6e6d7fee7b7aa20fb5bf93e9f340890_images.jpg
38333,Women,Apparel,Topwear,Tops,Yellow,Solid,leather,Provogue,Casual,Everyday,Basic,Hannah Montana Women Yellow Printed Tops,38333.jpg,http://assets.myntassets.com/v1/images/style/properties/ca16400a4d734548059233a6cc34851f_images.jpg
48243,Men,Apparel,Topwear,Tshirts,Black,Solid,leather,Red Tape,Casual,Everyday,Basic,Avengers Men Black Printed T-shirt,48243.jpg,http://assets.myntassets.com/v1/images/style/properties/5556232a7146aa15f3cbc0e680d06aa8_images.jpg
56975,Women,Footwear,Shoes,Flats,Black,Solid,leather,Reebok,Casual,Everyday,Basic,HM Women Black Sandals,56975.jpg,http://assets.myntassets.com/v1/images/style/properties/HM-Women-Black-Sandals_604ec9e961c132c94dcede906cf59dee_images.jpg
15519,Men,Footwear,Flip Flops,Flip Flops,Brown,Solid,canvas,Skechers,Casual,Everyday,Basic,Rockport Men Jelba Brown Flip Flops,15519.jpg,http://assets.myntassets.com/v1/images/style/properties/1d16b7a631810087d206ebcc2af4bcea_images.jpg
3893,Women,Apparel,Topwear,Tshirts,Green,Solid,leather,Sparx,Casual,Everyday,Basic,Disney Kids Girl's Green Minnie Top With Pink Bow Kidswear,3893.jpg,http://assets.myntassets.com/v1/images/style/properties/96d65a0c90b92186ce685a63663de85d_images.jpg
15724,Men,Footwear,Shoes,Sports Shoes,Grey,Solid,leather,Tommy Hilfiger,Sports,Athletic,Training,Nike Men Free Run+ 2 Shield Grey Sports Shoes,15724.jpg,http://assets.myntassets.com/v1/images/style/properties/c958b7cb77f51aff23530d749ad5779a_images.jpg
38654,Men,Footwear,Shoes,Sports Shoes,White,Solid,leather,UCB,Sports,Athletic,Training,Nike Men Ballista White Sports Shoes,38654.jpg,http://assets.myntassets.com/v1/images/style/properties/10365553644b24256ed7221979050d32_images.jpg
15491,Women,Footwear,Shoes,Heels,Nude,Solid,leather,US Polo Assn,Formal,Business,Professional,Carlton London Women Nude Heels,15491.jpg,http://assets.myntassets.com/v1/images/style/properties/fa6f865da55e1e26d4c23b5014f98cfb_images.jpg
13258,Women,Apparel,Bottomwear,Shorts,Purple,Solid,canvas,Under Armour,Casual,Everyday,Basic,Gini and Jony Women Purple Shorts,13258.jpg,http://assets.myntassets.com/v1/images/style/properties/Palm-Tree-Kids-Women-Solid-Purple-Capris_d66438322305ef19e235d09a741a3108_images.jpg
31127,Women,Apparel,Dress,Dresses,Black,Solid,leather,Uniqlo,Casual,Everyday,Basic,Gini and Jony Women Black Dress,31127.jpg,http://assets.myntassets.com/v1/images/style/properties/1f7c87ee0ac12c35df8c1dd28e2cd692_images.jpg
23130,Men,Apparel,Topwear,Tshirts,Green,Solid,leather,Van Heusen,Casual,Everyday,Basic,Chhota Bheem Kids Men Lost Alien Green T-shirt,23130.jpg,http://assets.myntassets.com/v1/images/style/properties/841d8c5b7b445161b006609f9f6a8f09_images.jpg
7592,Men,Footwear,Shoes,Sports Shoes,Blue,Geometric,cotton,Vans,Sports,Athletic,Training,Nike Men's Dunk Low Blue Shoe,7592.jpg,http://assets.myntassets.com/v1/images/style/properties/0bbe0e10638aa98ff6f42fbffd30c1a2_images.jpg
13360,Women,Footwear,Shoes,Casual Shoes,Brown,Solid,cotton,Versace,Casual,Everyday,Basic,Timberland Women Femmes Brown Boot,13360.jpg,http://assets.myntassets.com/v1/images/style/properties/25f4bbfce59c7d56a07115e40a443c6a_images.jpg
7595,Women,Footwear,Shoes,Sports Shoes,Blue,Striped,cotton,Woodland,Sports,Athletic,Training,Nike Women Ten Blue White Shoe,7595.jpg,http://assets.myntassets.com/v1/images/style/properties/b3f3d37c936ee1b487eb6ed3ef399e0b_images.jpg
29571,Men,Footwear,Shoes,Casual Shoes,Navy Blue,Solid,cotton,Wrangler,Casual,Everyday,Basic,Vans Men Classic Slip-On Navy Blue Shoes,29571.jpg,http://assets.myntassets.com/v1/images/style/properties/61ff6d0a5a90c48fe528ddeada916425_images.jpg
39329,Women,Apparel,Bottomwear,Shorts,Green,Solid,cotton,Yonex,Casual,Everyday,Basic,Gini and Jony Women Green Shorts,39329.jpg,http://assets.myntassets.com/v1/images/style/properties/092ffa40994ee79053f16a7e93445890_images.jpg
39577,Women,Footwear,Shoes,Heels,Pink,Solid,leather,Zara,Casual,Everyday,Basic,Catwalk Women Pink Flats,39577.jpg,http://assets.myntassets.com/v1/images/style/properties/2b71c5f8cdb335be074ea1b91fd3ccad_images.jpg
2821,Men,Footwear,Sandal,Sandals,Brown,Solid,leather,Adidas,Formal,Business,Professional,Lee Cooper Men Formal Leather Brown Sandal,2821.jpg,http://assets.myntassets.com/v1/images/style/properties/d7c47ca9f2381f2467cd89d19e70af3a_images.jpg
34053,Men,Apparel,Bottomwear,Capris,Yellow,Solid,canvas,Nike,Casual,Everyday,Basic,Gini and Jony Men Yellow 3/4 Length Pants,34053.jpg,http://assets.myntassets.com/v1/images/style/properties/ed972b8708185e04d4cbbc475fee3bff_images.jpg
39863,Men,Apparel,Topwear,Tshirts,Black,Solid,leather,Puma,Casual,Everyday,Basic,Gini and Jony Men Polo Black T-Shirt,39863.jpg,http://assets.myntassets.com/v1/images/style/properties/103e76f9dbc3112fc9d0659a818ca917_images.jpg
24992,Women,Apparel,Bottomwear,Shorts,Pink,Solid,leather,Reebok,Casual,Everyday,Basic,United Colors of Benetton Kids Women Pink Shorts,24992.jpg,http://assets.myntassets.com/v1/images/style/properties/df1bd75393a273217360a8030f54a32d_images.jpg
18172,Women,Apparel,Topwear,Tops,Magenta,Floral,cotton,Converse,Casual,Everyday,Basic,Doodle Kids Women Magenta Layer Top,18172.jpg,http://assets.myntassets.com/v1/images/style/properties/c51813ebc17aa2ac35d9bd13918e984b_images.jpg
11511,Women,Footwear,Shoes,Flats,Gold,Geometric,cotton,Vans,Casual,Everyday,Basic,Catwalk Women Lifestyle Gold Toned Ballerinas,11511.jpg,http://assets.myntassets.com/v1/images/style/properties/09f49fced9f3a34e970cca2e5023d775_images.jpg
2227,Men,Footwear,Sandal,Sandals,Grey,Solid,cotton,Skechers,Sports,Active,Running,Puma Men Gypsy Grey Sandal,2227.jpg,http://assets.myntassets.com/v1/images/style/properties/c691cbf2c611b9e0f9af6d11ef2046af_images.jpg
33824,Women,Footwear,Shoes,Sports Shoes,Grey,Striped,cotton,Crocs,Sports,Active,Running,Puma Women Grey Axis Sports Shoes,33824.jpg,http://assets.myntassets.com/v1/images/style/properties/41c0eb951493957045c196557c201140_images.jpg
47456,Women,Footwear,Flip Flops,Flip Flops,Black,Solid,cotton,Clarks,Casual,Everyday,Basic,Tiptopp Women Orange Flip Flops,47456.jpg,http://assets.myntassets.com/v1/images/style/properties/Tiptopp-Women-Orange-Sandals_56ecddd687d28c5f2a04d82091ebe96f_images.jpg
5404,Men,Footwear,Shoes,Sports Shoes,White,Solid,leather,Bata,Sports,Active,Running,Kalenji Kiprun 1000 Whi/ Blue 2011,5404.jpg,http://assets.myntassets.com/v1/images/style/properties/fa523afb4c2f1ee300b0b0267e0e0dd9_images.jpg
8358,Women,Apparel,Topwear,Tshirts,Blue,Solid,leather,ASICS,Casual,Everyday,Basic,Doodle Girl's Princess Cute Little Light Blue Kidswear,8358.jpg,http://assets.myntassets.com/v1/images/style/properties/19cd21f22b04e942ef6e69c89d2c4c5b_images.jpg
17671,Women,Footwear,Shoes,Heels,Beige,Solid,canvas,New Balance,Casual,Everyday,Basic,Catwalk Women Fancy Beige Heels,17671.jpg,http://assets.myntassets.com/v1/images/style/properties/e6901973b42cbca3f7b020c70b95cb6b_images.jpg
13306,Men,Apparel,Bottomwear,Trousers,Black,Solid,leather,Under Armour,Casual,Everyday,Basic,Gini and Jony Kids Solid Black Trousers,13306.jpg,http://assets.myntassets.com/v1/images/style/properties/e48cff60a18175ea35f3cdab4a5440e9_images.jpg
39334,Men,Apparel,Topwear,Tshirts,White,Geometric,cotton,Woodland,Casual,Everyday,Basic,Gini & Jony Men White T-shirt,39334.jpg,http://assets.myntassets.com/v1/images/style/properties/a6dac6b401015770287effba0423aaf3_images.jpg
3902,Women,Apparel,Topwear,Tshirts,Pink,Solid,cotton,Sparx,Casual,Everyday,Basic,Disney Kids Girl's Minnie And Daisy Pink Kidswear,3902.jpg,http://assets.myntassets.com/v1/images/style/properties/2fd473b0c70793f5f7a5278c1d98de70_images.jpg
14408,Women,Footwear,Shoes,Heels,Beige,Striped,cotton,Red Tape,Casual,Everyday,Basic,Enroute Women Casual Beige Flats,14408.jpg,http://assets.myntassets.com/v1/images/style/properties/a7f1a17d79390d0a3bf3ecd303683875_images.jpg
5375,Women,Footwear,Shoes,Sports Shoes,Blue,Solid,cotton,UCB,Sports,Active,Running,Quechua Jawar 5.0 Lady Blue,5375.jpg,http://assets.myntassets.com/v1/images/style/properties/9df7fad8456ec7a2e1ee5ce4cbb85301_images.jpg
25505,Men,Apparel,Topwear,Tshirts,White,Solid,cotton,Van Heusen,Casual,Everyday,Basic,Doodle Kids Men Soccer White T-Shirt,25505.jpg,http://assets.myntassets.com/v1/images/style/properties/bad8f5591725f3dcce3b8c464f2f514f_images.jpg
17042,Men,Footwear,Shoes,Sports Shoes,Grey,Solid,leather,Wrangler,Sports,Active,Running,GAS Men Grey Skate 002 Shoes,17042.jpg,http://assets.myntassets.com/v1/images/style/properties/Gas-Men-White---Grey-Shoes_c9ac34e9a949fe81422026dfc24cebdf_images.jpg
43411,Women,Footwear,Shoes,Flats,Black,Solid,leather,Levi's,Casual,Everyday,Basic,Puma Women Black Crazy Slide Flats,43411.jpg,http://assets.myntassets.com/v1/images/style/properties/bccbe69300ebe0839bddf3299fdbfea2_images.jpg
54521,Men,Footwear,Shoes,Sports Shoes,White,Solid,canvas,Zara,Sports,Active,Running,F Sports Men White Voyager Sports Shoes,54521.jpg,http://assets.myntassets.com/v1/images/style/properties/F-Sports-Men-White-Voyager-Sports-Shoes_c5ff061b1db80cb997ae9f796e838bb5_images.jpg
41303,Men,Apparel,Topwear,Shirts,Navy Blue,Solid,leather,H&M,Casual,Everyday,Basic,Gini and Jony Men Navy Blue Shirt,41303.jpg,http://assets.myntassets.com/v1/images/style/properties/436b9bd9db3b6c62e584a9d42c499928_images.jpg
49576,Women,Footwear,Shoes,Heels,Beige,Solid,leather,Forever 21,Casual,Everyday,Basic,Catwalk Women Red  Flats,49576.jpg,http://assets.myntassets.com/v1/images/style/properties/3c0410c48a5f79d8d4cfe78b7c29ee22_images.jpg
24256,Men,Footwear,Shoes,Casual Shoes,Green,Floral,cotton,Gap,Casual,Everyday,Basic,Numero Uno Men Green Casual Shoes,24256.jpg,http://assets.myntassets.com/v1/images/style/properties/2ab9915265f0498a4adf481c64160b8a_images.jpg
39609,Women,Footwear,Shoes,Heels,Brown,Geometric,cotton,Uniqlo,Casual,Everyday,Basic,Catwalk Women Brown Heels,39609.jpg,http://assets.myntassets.com/v1/images/style/properties/7244fd363a7020603495167fafee12d5_images.jpg
13684,Men,Footwear,Shoes,Casual Shoes,Black,Solid,cotton,Tommy Hilfiger,Casual,Everyday,Basic,ADIDAS Men Dash Casual Shoes,13684.jpg,http://assets.myntassets.com/v1/images/style/properties/ab8ada0e4956967c0ad91217175ef162_images.jpg
40993,Women,Apparel,Topwear,Tops,Pink,Striped,cotton,Calvin Klein,Casual,Everyday,Basic,Gini and Jony Women Pink Striped Top,40993.jpg,http://assets.myntassets.com/assets/images/40993/2018/3/14/11521029937692-Gini-and-Jony-Women-Woven-Pink-Tops-7341521029937469-1.jpg
41009,Women,Apparel,Bottomwear,Jeans,Navy Blue,Solid,cotton,Pepe Jeans,Casual,Everyday,Basic,Gini and Jony Women Woven Navy Blue Jeans,41009.jpg,http://assets.myntassets.com/v1/images/style/properties/da1db8f5cb461e5eb02172804792e598_images.jpg
46086,Women,Footwear,Shoes,Sports Shoes,Lavender,Solid,leather,Peter England,Sports,Active,Running,ADIDAS Women Lavender Hagkok Sports Shoes,46086.jpg,http://assets.myntassets.com/v1/images/style/properties/97b4da7324d9f9b3a6f507333141faae_images.jpg
49839,Women,Footwear,Flip Flops,Flip Flops,Red,Solid,leather,Mufti,Casual,Everyday,Basic,iPanema Women Red Flip Flops,49839.jpg,http://assets.myntassets.com/v1/images/style/properties/3101e6784596ba83c3fb728bcf5b6187_images.jpg
38937,Men,Apparel,Bottomwear,Shorts,Blue,Solid,canvas,Provogue,Casual,Everyday,Basic,Gini and Jony Men Blue Shorts,38937.jpg,http://assets.myntassets.com/v1/images/style/properties/5343f47aec49c7db4bd8cadf59d906ce_images.jpg
2716,Women,Apparel,Topwear,Tops,Red,Solid,leather,Arrow,Casual,Everyday,Basic,Disney Kids Girl's Minnie Red Stripped Kidswear,2716.jpg,http://assets.myntassets.com/v1/images/style/properties/9366437c28adc7c0eaaa749d6bd36c30_images.jpg
13474,Women,Footwear,Shoes,Flats,Gold,Geometric,cotton,Allen Solly,Casual,Everyday,Basic,Rocia Women Gold Toned Flats,13474.jpg,http://assets.myntassets.com/v1/images/style/properties/bc31f30a9c3f9edbb5827949a110e256_images.jpg
16803,Women,Apparel,Bottomwear,Shorts,Beige,Solid,cotton,Benetton,Casual,Everyday,Basic,ANT Kids Women Solid Beige Short,16803.jpg,http://assets.myntassets.com/v1/images/style/properties/e92494e2062b248942fa0a86af93a299_images.jpg
5919,Women,Footwear,Shoes,Casual Shoes,White,Solid,cotton,Jockey,Casual,Everyday,Basic,ADIDAS Women's Daily White Shoe,5919.jpg,http://assets.myntassets.com/v1/images/style/properties/3892edcc11a89cd4583e1195d0e5817a_images.jpg
39988,Men,Footwear,Shoes,Casual Shoes,White,Solid,cotton,Kappa,Casual,Everyday,Basic,Gas Men Europa White Shoes,39988.jpg,http://assets.myntassets.com/v1/images/style/properties/9c3d77147758ab10f12caf6184fe13ef_images.jpg
40932,Women,Apparel,Bottomwear,Leggings,Blue,Striped,cotton,Lacoste,Casual,Everyday,Basic,Gini and Jony Women Happy Style Blue Leggings,40932.jpg,http://assets.myntassets.com/v1/images/style/properties/3d1b513868833c696d76a79d1fc1a2eb_images.jpg
30722,Men,Apparel,Topwear,Kurtas,Maroon,Solid,cotton,Marks & Spencer,Ethnic,Traditional,Cultural,Fabindia Men Printed Maroon Kurta,30722.jpg,http://assets.myntassets.com/v1/images/style/properties/e0b18bf846e97179d024278f2530bfbc_images.jpg
15266,Women,Footwear,Shoes,Casual Shoes,Gold,Geometric,cotton,Aeropostale,Casual,Everyday,Basic,ADIDAS Originals Women Top Ten HI Sleek Gold Casual Shoes,15266.jpg,http://assets.myntassets.com/v1/images/style/properties/309cc626f544977d148320772cf03edc_images.jpg
22154,Men,Footwear,Shoes,Formal Shoes,Black,Floral,cotton,American Eagle,Formal,Business,Professional,Lee Cooper Men Black Formal Shoes,22154.jpg,http://assets.myntassets.com/v1/images/style/properties/8ad35a71d39ef0432055771175ca3adc_images.jpg
21187,Men,Footwear,Flip Flops,Flip Flops,Yellow,Solid,cotton,Banana Republic,Casual,Everyday,Basic,ADIDAS Men Plugged In Yellow Flip Flops,21187.jpg,http://assets.myntassets.com/v1/images/style/properties/fc3c2314edb31f522eab09b78ebede00_images.jpg
40158,Women,Apparel,Topwear,Tops,Blue,Solid,leather,Guess,Casual,Everyday,Basic,Gini and Jony Women Summer Up Blue Top,40158.jpg,http://assets.myntassets.com/v1/images/style/properties/1b77be040dae4cffe0fac23f54ee2779_images.jpg
41866,Men,Footwear,Sandal,Sandals,Beige,Solid,leather,Hollister,Casual,Everyday,Basic,Estd. 1977 Men Beige & Green Sandals,41866.jpg,http://assets.myntassets.com/v1/images/style/properties/7adfef9d7001cdcb9a58822c0c8b615f_images.jpg
33252,Men,Apparel,Topwear,Tshirts,White,Solid,canvas,Old Navy,Casual,Everyday,Basic,Gini and Jony Men Printed White T-shirt,33252.jpg,http://assets.myntassets.com/v1/images/style/properties/75257ff08fff5c6958ce2c35feaacce8_images.jpg
41988,Men,Apparel,Topwear,Shirts,Blue,Solid,leather,Versace,Casual,Everyday,Basic,Gini and Jony Men Check Blue Shirt,41988.jpg,http://assets.myntassets.com/v1/images/style/properties/d89f4ae894d44f192d64b42377d6c80b_images.jpg
8379,Women,Apparel,Topwear,Tshirts,Green,Solid,leather,Flying Machine,Casual,Everyday,Basic,Doodle Girl's Princess Lime Green Top,8379.jpg,http://assets.myntassets.com/v1/images/style/properties/946a16f582f37cca07c9e49f64438dec_images.jpg
20753,Women,Footwear,Shoes,Heels,Silver,Solid,leather,Fortune,Casual,Everyday,Basic,Carlton London  Women Classy Silver Stilettos,20753.jpg,http://assets.myntassets.com/v1/images/style/properties/d52a4d90779343c2680fdf5325a88592_images.jpg
31693,Men,Footwear,Shoes,Formal Shoes,Brown,Solid,leather,Franco,Formal,Business,Professional,Ganuchi Men Brown Shoes,31693.jpg,http://assets.myntassets.com/v1/images/style/properties/f0b49a9cc297b4fa6ab22363776cdd98_images.jpg
8336,Men,Apparel,Topwear,Tshirts,Red,Solid,canvas,GAS,Casual,Everyday,Basic,Doodle Boy's 77 Juniors League Red White Kidswear,8336.jpg,http://assets.myntassets.com/v1/images/style/properties/7545c0c9c543d5a9782b4c2cdfb7e7a9_images.jpg
33515,Women,Footwear,Shoes,Heels,Tan,Solid,leather,Gini & Jony,Casual,Everyday,Basic,Cobblerz Women Tan Brown Pumps,33515.jpg,http://assets.myntassets.com/v1/images/style/properties/6a2ff932f7a8fd2d653b5addaf4df242_images.jpg
5896,Men,Footwear,Shoes,Casual Shoes,Black,Solid,leather,Globalite,Casual,Everyday,Basic,Puma Men Cavallino Black Shoe,5896.jpg,http://assets.myntassets.com/v1/images/style/properties/57601ed1977aecafecafbfb1fe49a424_images.jpg
15516,Men,Footwear,Flip Flops,Flip Flops,Navy Blue,Solid,leather,Grendha,Casual,Everyday,Basic,Rockport Men Altrezlp Navy Blue Flip Flops,15516.jpg,http://assets.myntassets.com/v1/images/style/properties/8e61745c35f663f59c82e7e68ae30c23_images.jpg
33253,Men,Apparel,Topwear,Tshirts,Yellow,Solid,leather,Catwalk,Casual,Everyday,Basic,Gini and Jony Men Printed Yellow T-shirt,33253.jpg,http://assets.myntassets.com/v1/images/style/properties/077807adc6b59469b6df9630a99f2e75_images.jpg
40977,Men,Apparel,Topwear,Tshirts,Green,Solid,canvas,Carlton,Casual,Everyday,Basic,Gini and Jony Men Core Green T-shirt,40977.jpg,http://assets.myntassets.com/v1/images/style/properties/3afcff662537315d2576a28b607e4d52_images.jpg
37539,Men,Apparel,Socks,Booties,White,Solid,leather,Cobblerz,Casual,Everyday,Basic,Madagascar 3 Infants Men White Booties,37539.jpg,http://assets.myntassets.com/v1/images/style/properties/3b4fde3fc805549feaf58cc396be3038_images.jpg
49601,Women,Footwear,Shoes,Heels,Beige,Solid,leather,Decathlon,Casual,Everyday,Basic,Catwalk Women Beige Flats,49601.jpg,http://assets.myntassets.com/v1/images/style/properties/49937b4de08c091443f333c9627b1acc_images.jpg
24633,Women,Footwear,Flip Flops,Flip Flops,Pink,Solid,leather,Disney,Casual,Everyday,Basic,ADIDAS Women Polka Pink Flip Flops,24633.jpg,http://assets.myntassets.com/v1/images/style/properties/33924b87c12a1b72deb3c8297cf9a72d_images.jpg
33151,Women,Apparel,Topwear,Tops,Pink,Solid,leather,Fabindia,Casual,Everyday,Basic,Gini and Jony Women Printed Pink Top,33151.jpg,http://assets.myntassets.com/v1/images/style/properties/ca67b9192c78f27f924e325d32bbf50d_images.jpg
12961,Men,Footwear,Sandal,Sandals,Brown,Solid,canvas,FILA,Casual,Everyday,Basic,ADIDAS Men Casual Brown Sandals,12961.jpg,http://assets.myntassets.com/v1/images/style/properties/cd86abdee8834de4aa0447b73cdcdd0c_images.jpg
12904,Men,Footwear,Shoes,Sports Shoes,Red,Solid,leather,Fila,Sports,Active,Running,Puma Men Future Cat M1 Engine Red Sports Shoes,12904.jpg,http://assets.myntassets.com/v1/images/style/properties/327593510d3b633066ceacf188df73ba_images.jpg
33146,Men,Apparel,Bottomwear,Shorts,Blue,Solid,leather,Ganuchi,Casual,Everyday,Basic,Gini and Jony Men Blue Shorts,33146.jpg,http://assets.myntassets.com/v1/images/style/properties/5e4e78593c924109d65978ca09ca44fe_images.jpg
23676,Men,Footwear,Sandal,Sandals,Black,Geometric,cotton,Gliders,Casual,Everyday,Basic,Red Tape Men Cross Band Black Sandals,23676.jpg,http://assets.myntassets.com/v1/images/style/properties/fbee867387ae6f303458cb86a7e46fa5_images.jpg
43935,Women,Footwear,Shoes,Heels,White,Solid,cotton,Hannah,Casual,Everyday,Basic,Catwalk Women White Heels,43935.jpg,http://assets.myntassets.com/v1/images/style/properties/6c5b3ea71c4b1365df13de7320626602_images.jpg
46584,Women,Footwear,Shoes,Heels,White,Striped,cotton,ID,Casual,Everyday,Basic,Catwalk Women White Sandals,46584.jpg,http://assets.myntassets.com/v1/images/style/properties/f9cd868eaeebaccefeab4d9e35fa3706_images.jpg
30250,Men,Footwear,Flip Flops,Flip Flops,Yellow,Solid,cotton,Inc,Casual,Everyday,Basic,Numero Uno Men Yellow Flip Flops,30250.jpg,http://assets.myntassets.com/v1/images/style/properties/ee0e918c229e76e0e7e61712e9d2ecb3_images.jpg
38999,Men,Apparel,Topwear,Shirts,White,Solid,cotton,Jockey,Casual,Everyday,Basic,Gini and Jony Men Around the World White Shirts,38999.jpg,http://assets.myntassets.com/v1/images/style/properties/553b3cec5a88fbef0ee6833ebb7108df_images.jpg
38283,Men,Apparel,Topwear,Tshirts,Green,Solid,leather,Kappa,Casual,Everyday,Basic,Marvel Men Green T-Shirt,38283.jpg,http://assets.myntassets.com/v1/images/style/properties/2800c8f9f63c160ac3c78fdb91e22f77_images.jpg
46831,Men,Apparel,Topwear,Shirts,Pink,Solid,leather,Lacoste,Casual,Everyday,Basic,Gini and Jony Men Pink Shirt,46831.jpg,http://assets.myntassets.com/v1/images/style/properties/943d9b272c042d8b06ee6b1d277de5be_images.jpg
36442,Men,Footwear,Shoes,Casual Shoes,Black,Solid,canvas,Marks & Spencer,Casual,Everyday,Basic,Spinn Men Dozer Black Shoes,36442.jpg,http://assets.myntassets.com/v1/images/style/properties/cd2866856f1acb4f49239ab4ea2689ef_images.jpg
50724,Women,Apparel,Dress,Dresses,Blue,Solid,leather,Mufti,Casual,Everyday,Basic,Doodle Women Blue Washed Dress,50724.jpg,http://assets.myntassets.com/v1/images/style/properties/8f184224331047aa5fc5b0041b04dc53_images.jpg
47624,Women,Footwear,Shoes,Heels,Maroon,Solid,leather,Pepe Jeans,Casual,Everyday,Basic,Portia Women Maroon Flats,47624.jpg,http://assets.myntassets.com/v1/images/style/properties/fa28030435da2e60179f7ffe5b40f5d9_images.jpg
8360,Women,Apparel,Topwear,Tshirts,Yellow,Floral,cotton,Peter England,Casual,Everyday,Basic,Doodle Girl's Tonight Night Rock Yellow Pink Kidswear,8360.jpg,http://assets.myntassets.com/v1/images/style/properties/36402d27d97e01bed7d4dd4507581d36_images.jpg